name,email,date_of_birth,mobile_no,failure_reason
Tony Shepherd,Tony_Shepherd@petersen.com,07/03/2016,711447,invalid_mobile;below_18
Ashlee Austin,Ashlee_Austin@melendez.com,12/09/1992,6454197,invalid_mobile
Marc Meyer,Marc_Meyer@chavez.com,1996/05/17,9727376,invalid_mobile
Jennifer Vega,Jennifer_Vega@jenkins.net,03/07/1971,6655 1251,invalid_mobile
Emily Christian,Emily_Christian@hardy-ball.biz,1993/11/27,83586,invalid_mobile
Billy Knight,Billy_Knight@thomas.biz,01/27/1955,4983 3743,invalid_mobile
Shane Davis,Shane_Davis@smith.net,2006/06/25,42361783,below_18
Laura Harding,Laura_Harding@jackson.com,2017-12-18,32048503,below_18
Zachary Payne,Zachary_Payne@espinoza.info,17-02-2018,7802719,invalid_mobile;below_18
Jeffery Leon,Jeffery_Leon@clark.com,2004-03-24,9076271,invalid_mobile;below_18
Jennifer Martin,Jennifer_Martin@anderson-ford.com,1999-01-12,1878563,invalid_mobile
Katie Mcgee,Katie_Mcgee@moran.com,25-06-1967,65726,invalid_mobile
Michael Parker,Michael_Parker@mcfarland-johns.com,1984-10-03,569205,invalid_mobile
Robert Atkins,Robert_Atkins@west.net,09-11-2017,831963,invalid_mobile;below_18
Stephanie Brown,Stephanie_Brown@mueller-simmons.info,08-06-1976,8354970,invalid_mobile
Erin Paul,Erin_Paul@vaughan-moore.com,12/22/2008,923211,invalid_mobile;below_18
Kristina Torres,Kristina_Torres@wilson.com,02/17/1956,65486,invalid_mobile
Timothy Scott,Timothy_Scott@williams.info,21-06-1992,169047,invalid_mobile
Ronald Carter,Ronald_Carter@campbell-fitzgerald.com,16-01-1968,5109812,invalid_mobile
Catherine Smith,Catherine_Smith@king.org,20-05-1988,1996933,invalid_mobile
Mrs. Catherine Rivers,Catherine_Rivers@tate-barnes.com,1975/03/13,8648641,invalid_mobile
Cynthia White,Cynthia_White@hogan.com,1951-08-21,722319,invalid_mobile
Shawn Rojas,Shawn_Rojas@weber.com,15-12-1960,64641,invalid_mobile
John Leon,John_Leon@campbell-wu.org,1985/11/29,5767672,invalid_mobile
Karen Lopez,Karen_Lopez@vargas-lewis.com,24-06-1985,8649712,invalid_mobile
Melissa Hogan,Melissa_Hogan@rodriguez-hughes.biz,2015-05-31,68883495,below_18
Megan Wilson,Megan_Wilson@martinez.com,08/31/1953,591723,invalid_mobile
Justin Roberts,Justin_Roberts@wilson.com,12-02-2004,1171528,invalid_mobile;below_18
Ashley Fernandez,Ashley_Fernandez@johnson-perry.info,1960-03-22,49631,invalid_mobile
Terry Oliver,Terry_Oliver@raymond-stewart.info,08-07-2013,6019686,invalid_mobile;below_18
Mr. Timothy Ortega,Timothy_Ortega@ramos.com,01/04/1998,5931 2963,invalid_mobile
Brittany Ellison,Brittany_Ellison@nolan.com,2004/04/04,82360847,below_18
Aaron Clark,Aaron_Clark@sanchez.com,1964-05-11,3522877,invalid_mobile
Michael Johnson,Michael_Johnson@jackson-cervantes.com,07/08/1950,763653,invalid_mobile
Heather Jones,Heather_Jones@medina.org,11-07-2009,57191,invalid_mobile;below_18
Carly Estrada,Carly_Estrada@kim.com,1976-09-14,2972565,invalid_mobile
Alexandra Hopkins,Alexandra_Hopkins@gaines.com,07/01/2015,2092056,invalid_mobile;below_18
Brittany Short,Brittany_Short@bowen.com,1993-01-19,9283373,invalid_mobile
Julie Hopkins,Julie_Hopkins@roberts.com,30-04-2018,57706,invalid_mobile;below_18
Crystal Long,Crystal_Long@alvarez-warner.biz,27-08-1974,528699,invalid_mobile
Jack Jackson,Jack_Jackson@barron.biz,1963/01/06,6430880,invalid_mobile
Christina Cross,Christina_Cross@terry-cooper.com,02/24/2007,828471,invalid_mobile;below_18
Tina Dickerson,Tina_Dickerson@gordon-harrison.info,11/02/2009,21856,invalid_mobile;below_18
Chase Chavez,Chase_Chavez@vasquez.com,05/12/1961,74541,invalid_mobile
Shelby Williams,Shelby_Williams@white-cabrera.com,2016-01-20,9588272,invalid_mobile;below_18
Shannon Jones,Shannon_Jones@choi-acosta.biz,06-05-1994,59291,invalid_mobile
David Goodwin,David_Goodwin@rivera-jones.com,1977-10-18,6647831,invalid_mobile
Stephen Blankenship,Stephen_Blankenship@jefferson-anderson.com,21-10-2017,24416,invalid_mobile;below_18
Jacqueline Stanton,Jacqueline_Stanton@hawkins.com,1954/10/11,42606,invalid_mobile
Allison Callahan,Allison_Callahan@weber.com,1958/10/25,581313,invalid_mobile
Frank Schaefer,Frank_Schaefer@richardson-norton.com,02/10/1955,30771,invalid_mobile
Stephanie Ross,Stephanie_Ross@barker.com,1973/03/12,9489831,invalid_mobile
Donald Norman,Donald_Norman@copeland.com,07/26/1997,245049,invalid_mobile
Mitchell Fleming,Mitchell_Fleming@nguyen.net,2009-12-29,281433,invalid_mobile;below_18
Danny Simmons,Danny_Simmons@morales.com,10/13/1963,2631 3911,invalid_mobile
Beth Hall,Beth_Hall@brown.org,07/12/1960,9931 3667,invalid_mobile
Monica Clark,Monica_Clark@price-burgess.biz,04/08/1981,12191,invalid_mobile
Michael Rodriguez,Michael_Rodriguez@perez.net,2012/09/03,861723,invalid_mobile;below_18
Emily Davis,Emily_Davis@barker.info,10/05/1975,947103,invalid_mobile
Samantha Arnold,Samantha_Arnold@rogers-bentley.org,01/05/1972,91936,invalid_mobile
Adam Davidson,Adam_Davidson@snyder.com,2016-09-09,92651,invalid_mobile;below_18
Kristen Wallace,Kristen_Wallace@greer.net,1995/04/19,91796,invalid_mobile
Michael Johnson,Michael_Johnson@martin.com,07-04-2016,95308759,below_18
Richard Flores,Richard_Flores@gomez-young.org,02/28/1983,171405,invalid_mobile
Nicole Page,Nicole_Page@ross.com,1984/07/04,60101,invalid_mobile
Anna Crawford,Anna_Crawford@brown.com,2008/02/17,8133399,invalid_mobile;below_18
David Stokes,David_Stokes@tyler-smith.org,1981/08/25,1236621,invalid_mobile
John Howell,John_Howell@sims.biz,08/21/1959,7727 5467,invalid_mobile
Lacey Cochran,Lacey_Cochran@flowers.com,2004/09/28,38946,invalid_mobile;below_18
Jessica Burns,Jessica_Burns@maynard-ruiz.com,1981-06-01,231345,invalid_mobile
Matthew Blevins,Matthew_Blevins@johnson.com,03/09/1965,24726,invalid_mobile
Sabrina Young,Sabrina_Young@walters-freeman.net,2011-02-11,26381,invalid_mobile;below_18
Ricardo Brown,Ricardo_Brown@pitts-jimenez.com,1979/08/30,8765961,invalid_mobile
Heather Conley,Heather_Conley@clements.com,1957-05-09,8704802,invalid_mobile
Lauren Chen,Lauren_Chen@smith-richardson.com,2018/12/05,24942983,below_18
Penny Lopez,Penny_Lopez@young-huang.net,09/25/1954,9959 6291,invalid_mobile
Kristin Baker,Kristin_Baker@baker-li.info,2011/04/29,385431,invalid_mobile;below_18
Jacqueline Wilson,Jacqueline_Wilson@davis.com,29-03-2010,4610005,invalid_mobile;below_18
Becky Robinson,Becky_Robinson@navarro-rodriguez.com,1991-09-20,118719,invalid_mobile
Greg Hendrix,Greg_Hendrix@miller-brown.com,1978-05-06,76556,invalid_mobile
Brandon Erickson,Brandon_Erickson@wilson.com,1982-11-19,358557,invalid_mobile
Theresa Ross,Theresa_Ross@thompson.info,1969/06/18,97976,invalid_mobile
Julian Nguyen,Julian_Nguyen@lewis.com,03/27/2013,23876,invalid_mobile;below_18
Adriana Perez,Adriana_Perez@harris.com,1956/01/14,6357009,invalid_mobile
Melissa Jackson,Melissa_Jackson@schroeder-lopez.org,12-01-1996,51041,invalid_mobile
William Ortiz,William_Ortiz@foley.org,1990-06-23,880059,invalid_mobile
Mark Johnson,Mark_Johnson@smith.com,1978/11/17,82956,invalid_mobile
Troy Phillips,Troy_Phillips@huynh.net,1951/10/27,266277,invalid_mobile
Sarah Porter,Sarah_Porter@rose-mercado.net,12/21/1970,128499,invalid_mobile
Mark Scott,Mark_Scott@hernandez.com,05/12/1976,8159362,invalid_mobile
Joseph Sullivan,Joseph_Sullivan@woods-shaw.biz,07/12/1979,377631,invalid_mobile
Andrew Ryan,Andrew_Ryan@woodard.com,2012-11-28,184779,invalid_mobile;below_18
Paula Dixon,Paula_Dixon@lee-carter.net,1999/02/24,969831,invalid_mobile
Dr. Emily Hernandez,Emily_Hernandez@hernandez-mcconnell.biz,2015/08/03,31041,invalid_mobile;below_18
Donald Jimenez,Donald_Jimenez@coleman.info,2016/02/07,544983,invalid_mobile;below_18
Mr. William Parker,William_Parker@colon.net,08-02-1952,43576,invalid_mobile
Austin Stevens,Austin_Stevens@nixon-bell.net,12/06/1992,877473,invalid_mobile
Heather Rogers,Heather_Rogers@golden.com,1996/04/19,3442552,invalid_mobile
James Cordova,James_Cordova@rodriguez.info,09/04/1958,9407 5463,invalid_mobile
Denise Smith,Denise_Smith@lee.biz,05/02/1992,744777,invalid_mobile
Amanda Myers,Amanda_Myers@schneider.com,24-03-1977,670095,invalid_mobile
Johnny Mooney,Johnny_Mooney@miles.biz,1951/09/29,8371406,invalid_mobile
Corey Spencer,Corey_Spencer@rios.com,13-05-1995,335667,invalid_mobile
Jacqueline Davis,Jacqueline_Davis@williams.info,12-06-2009,17681,invalid_mobile;below_18
Kayla Davis,Kayla_Davis@zuniga.net,27-08-2007,3597924,invalid_mobile;below_18
Bradley Poole,Bradley_Poole@schroeder-benitez.info,1995/04/24,5383008,invalid_mobile
William Pierce,William_Pierce@smith.com,1987/10/03,6368594,invalid_mobile
Brianna Berg,Brianna_Berg@martin.info,1991/11/10,3607815,invalid_mobile
Jimmy Fischer,Jimmy_Fischer@jackson.org,24-07-2011,6097155,invalid_mobile;below_18
Frances Harris,Frances_Harris@martinez.com,09/22/1969,3637229,invalid_mobile
Kenneth Benton,Kenneth_Benton@mack.com,2017/11/19,37406,invalid_mobile;below_18
Rebecca Jackson,Rebecca_Jackson@clark.com,1969/06/28,8651210,invalid_mobile
Veronica Bradshaw,Veronica_Bradshaw@martinez.com,18-07-1965,7569689,invalid_mobile
Catherine Allen,Catherine_Allen@hernandez-fields.com,1980-09-05,38811,invalid_mobile
Andrea Carrillo,Andrea_Carrillo@hansen.com,1992/02/15,930069,invalid_mobile
Kerry Byrd,Kerry_Byrd@brown.net,20-07-1971,9841007,invalid_mobile
Gregory Lambert,Gregory_Lambert@williams.org,10/07/1975,2659 8607,invalid_mobile
Dale Anderson,Dale_Anderson@bennett.com,07/25/1978,36216,invalid_mobile
Jacob Sherman,Jacob_Sherman@williams-holden.com,12/03/1956,9714237,invalid_mobile
Samantha Sullivan,Samantha_Sullivan@cunningham-williams.com,04/23/1960,6491 3455,invalid_mobile
David Webb,David_Webb@schmidt.com,06/03/1954,68466,invalid_mobile
Tonya Green,Tonya_Green@acevedo.com,31-03-2008,14506,invalid_mobile;below_18
Alexis Lane,Alexis_Lane@stanley.com,22-06-2000,2086722,invalid_mobile
Joyce Cannon,Joyce_Cannon@hernandez.info,1960/04/09,686403,invalid_mobile
Anne Ray,Anne_Ray@duran.org,2015/09/02,459837,invalid_mobile;below_18
Karen Williams,Karen_Williams@hines.com,1965/06/11,81576,invalid_mobile
Sheena Krause,Sheena_Krause@williams.com,1988/05/24,185583,invalid_mobile
Luis Wallace,Luis_Wallace@lopez-taylor.com,1977/02/26,731547,invalid_mobile
Robert Shepherd,Robert_Shepherd@johnson.net,10/04/1962,56446,invalid_mobile
Robert Scott,Robert_Scott@arnold.com,25-07-2003,26296,invalid_mobile
Carlos Johnson,Carlos_Johnson@perez.biz,18-02-1985,7907922,invalid_mobile
Crystal Hansen,Crystal_Hansen@griffin-potter.info,1980-05-18,5151126,invalid_mobile
Judy Schneider,Judy_Schneider@stephens.com,1983-09-27,2411858,invalid_mobile
Crystal Brady,Crystal_Brady@ewing.com,21-02-1985,66286,invalid_mobile
Samantha Henson,Samantha_Henson@meadows.com,08/18/2003,2851500,invalid_mobile
Daniel Sims,Daniel_Sims@roach-oneal.com,1989/11/07,2319703,invalid_mobile
Connie Day,Connie_Day@greer.com,05-02-2003,519255,invalid_mobile
Dylan Lee,Dylan_Lee@anderson.net,12/04/1978,4076892,invalid_mobile
Christian Lee,Christian_Lee@hicks.org,2013-09-09,750699,invalid_mobile;below_18
Deanna Stephens,Deanna_Stephens@keith.info,28-10-1994,7345794,invalid_mobile
David Perry,David_Perry@walls-nguyen.com,1991-05-06,47266,invalid_mobile
Charles Villegas,Charles_Villegas@rivera-clark.com,11/06/1978,384471,invalid_mobile
Sharon Clark,Sharon_Clark@cabrera-turner.info,1953/08/06,51371,invalid_mobile
Christina Sanders,Christina_Sanders@davidson-savage.com,17-08-2003,6578426,invalid_mobile
Jeffrey Hinton,Jeffrey_Hinton@brown.com,1963/12/14,46301,invalid_mobile
Gina Harris,Gina_Harris@butler.com,04/13/1956,716955,invalid_mobile
Alex Tapia,Alex_Tapia@webster.com,11/15/1999,752763,invalid_mobile
Jacob Woods,Jacob_Woods@thompson-wolf.com,16-06-2003,92331,invalid_mobile
Sean Watson,Sean_Watson@jones-diaz.biz,1981-03-22,22526,invalid_mobile
Stephanie Oneal,Stephanie_Oneal@davis.info,24-05-1994,36971,invalid_mobile
Stephanie Maldonado,Stephanie_Maldonado@vasquez.info,1976/10/07,287055,invalid_mobile
Jay Williams,Jay_Williams@dalton.com,01-06-1964,7184934,invalid_mobile
Jeffery Rodriguez,Jeffery_Rodriguez@norton.com,17-04-1993,347595,invalid_mobile
Margaret Guzman,Margaret_Guzman@wright-weber.com,12-12-1997,8831096,invalid_mobile
Lori Willis,Lori_Willis@hernandez-johnson.com,1981/01/16,11861,invalid_mobile
Dr. Christina Valdez,Christina_Valdez@santana.org,07/14/1979,2517705,invalid_mobile
Timothy Martin,Timothy_Martin@whitaker.com,02/04/2016,99946,invalid_mobile;below_18
Kelly Scott,Kelly_Scott@bailey.biz,08/11/2011,6951967,invalid_mobile;below_18
Mr. Joseph Ward,Joseph_Ward@carson.com,09/11/1969,5776744,invalid_mobile
Brady Gonzalez,Brady_Gonzalez@mckay.com,1984-12-03,1679308,invalid_mobile
Linda Mcdonald,Linda_Mcdonald@alexander.com,2001/12/05,16671,invalid_mobile
Donna Yates,Donna_Yates@moore.org,16-02-2008,52316,invalid_mobile;below_18
Aaron Keith,Aaron_Keith@lopez-clark.com,1972-06-18,707841,invalid_mobile
Nicholas Cook,Nicholas_Cook@koch.com,07/12/1974,97811,invalid_mobile
Erica Gonzales,Erica_Gonzales@munoz.net,09/26/1994,815745,invalid_mobile
Brian Rodriguez,Brian_Rodriguez@jones.net,13-06-1965,65591,invalid_mobile
Melissa Schultz,Melissa_Schultz@hunter.biz,07/30/2017,6547 2255,invalid_mobile;below_18
Nancy Williams,Nancy_Williams@nguyen.com,08/09/1998,295329,invalid_mobile
Kathryn Barrera,Kathryn_Barrera@perez-clark.org,13-07-1990,82301,invalid_mobile
Kristen Martin,Kristen_Martin@freeman-jones.com,06/14/1975,5903906,invalid_mobile
Kathleen Robinson,Kathleen_Robinson@beard.biz,20-01-1998,471105,invalid_mobile
Katherine Ward,Katherine_Ward@foster.com,1980-02-21,62901,invalid_mobile
Angelica Delgado,Angelica_Delgado@hensley.org,1988/05/26,2668891,invalid_mobile
William Burke,William_Burke@lane.info,1992/12/29,215793,invalid_mobile
Michele Hurley,Michele_Hurley@henry.com,1964/06/15,5835789,invalid_mobile
Ashley Rogers,Ashley_Rogers@elliott-johnson.com,12-06-2004,97874903,below_18
Jennifer Kim,Jennifer_Kim@maxwell.com,1994/05/19,895473,invalid_mobile
Corey Roth,Corey_Roth@rivera.com,05-10-2007,893955,invalid_mobile;below_18
Gabriella Conner,Gabriella_Conner@martinez-vega.info,1960-09-23,9246147,invalid_mobile
Madison Owen,Madison_Owen@barron.com,2004/07/19,68116,invalid_mobile;below_18
Alicia Kaufman,Alicia_Kaufman@phillips.biz,04-02-1991,5434486,invalid_mobile
Gregory Allen,Gregory_Allen@stanley.net,01/22/1978,4887 1907,invalid_mobile
Emma Morse,Emma_Morse@keller-morales.com,2013/10/20,221937,invalid_mobile;below_18
Emily Acevedo,Emily_Acevedo@dunn.net,13-03-1964,988851,invalid_mobile
Valerie Boyd PhD,Valerie_Boyd@marshall-ross.info,03/27/2001,2859 3615,invalid_mobile
Harold Lucero,Harold_Lucero@weeks.com,1987-12-31,593511,invalid_mobile
Sabrina Marshall,Sabrina_Marshall@baker-yu.com,2018/10/31,70301767,below_18
Trevor Daniels,Trevor_Daniels@wilson.com,1984-07-19,28476,invalid_mobile
Amanda Gay,Amanda_Gay@chavez.com,2006/05/04,833841,invalid_mobile;below_18
Lindsay Barnett,Lindsay_Barnett@barnes.com,09-03-2001,897651,invalid_mobile
Gregory Jones MD,Gregory_Jones@mcdonald.net,1952-06-12,33721,invalid_mobile
Ashley Marsh,Ashley_Marsh@norris-kelly.com,29-05-1978,404601,invalid_mobile
Michael Jones,Michael_Jones@mcdaniel.org,2008-11-24,16126,invalid_mobile;below_18
Diane Herrera,Diane_Herrera@alvarado.org,06/12/2005,9183 7411,invalid_mobile;below_18
Tyler Morris MD,Tyler_Morris@cross.com,2017-05-23,26630807,below_18
Cassandra Lewis,Cassandra_Lewis@ward.org,2012/08/27,86877407,below_18
Calvin Mcgrath,Calvin_Mcgrath@smith.net,2018-07-07,407259,invalid_mobile;below_18
Stephanie Lee,Stephanie_Lee@tran-parker.biz,10/16/1962,16951,invalid_mobile
Katherine Patrick,Katherine_Patrick@rocha.com,27-04-2018,87666807,below_18
David Mckinney,David_Mckinney@pollard.net,12/25/1984,6613412,invalid_mobile
Darren Hale,Darren_Hale@murphy.biz,1994-04-07,976407,invalid_mobile
Jonathan Smith,Jonathan_Smith@aguilar.biz,04-02-1972,941157,invalid_mobile
Joseph Acosta,Joseph_Acosta@hansen.biz,04/18/1967,4411 5387,invalid_mobile
Samantha Miller,Samantha_Miller@west.com,10-11-1959,8809872,invalid_mobile
John Frazier,John_Frazier@webster.com,1977-02-09,9296190,invalid_mobile
Eric Mejia,Eric_Mejia@scott-dunn.com,09/24/2004,70801,invalid_mobile;below_18
Lisa Ramirez,Lisa_Ramirez@george.org,2009-01-13,14592223,below_18
Larry Cox,Larry_Cox@green.info,1952/10/09,31571,invalid_mobile
Renee Oneal,Renee_Oneal@adams.com,05-02-2008,6169717,invalid_mobile;below_18
Bryan Espinoza,Bryan_Espinoza@moore.com,16-07-1976,8357791,invalid_mobile
Christina Suarez,Christina_Suarez@mcclain.org,2007/08/04,1356979,invalid_mobile;below_18
Brandi Flores,Brandi_Flores@bowen.biz,06-02-1995,75411,invalid_mobile
Jackie Bates,Jackie_Bates@sanders.org,1988-02-20,727875,invalid_mobile
Darrell White,Darrell_White@hunter-chavez.com,1959-04-08,26976,invalid_mobile
James Johnson,James_Johnson@phillips-buchanan.biz,10/07/1991,11516,invalid_mobile
Kelly Wood,Kelly_Wood@martinez.com,09-05-1961,616683,invalid_mobile
Lisa Schultz,Lisa_Schultz@molina.com,2011-04-17,76236,invalid_mobile;below_18
Jessica Hughes,Jessica_Hughes@wright.com,05/21/1993,56956,invalid_mobile
Kimberly Reid,Kimberly_Reid@ramirez.com,1964-07-27,41556,invalid_mobile
William Young,William_Young@allen-collins.net,06-11-1987,531231,invalid_mobile
Robert Zuniga,Robert_Zuniga@rodriguez-garcia.com,2005-07-04,58375519,below_18
Caroline Rodriguez,Caroline_Rodriguez@mendoza.biz,29-10-1990,2282582,invalid_mobile
Monique Sharp,Monique_Sharp@burton.biz,1969/03/17,936291,invalid_mobile
Antonio Smith,Antonio_Smith@ramirez-zamora.com,2015-02-05,50487943,below_18
Patricia Flynn,Patricia_Flynn@chan-castro.com,2015-03-27,25661,invalid_mobile;below_18
Lindsey Santos,Lindsey_Santos@chung-walker.org,16-03-1989,438777,invalid_mobile
Savannah Smith,Savannah_Smith@johnston-gibson.com,1985-08-24,318495,invalid_mobile
Kimberly Roberts,Kimberly_Roberts@fitzgerald.biz,09-10-2013,710655,invalid_mobile;below_18
David Dominguez,David_Dominguez@zamora-morgan.net,13-04-2008,3256730,invalid_mobile;below_18
Diana Bryant,Diana_Bryant@arias.com,05/16/1951,25971,invalid_mobile
Sarah Baker,Sarah_Baker@miller.com,11/06/2013,3223 1163,invalid_mobile;below_18
Teresa Rios,Teresa_Rios@hill.org,1959-01-30,5173211,invalid_mobile
Marcus Wilson,Marcus_Wilson@bailey.info,1986-08-07,95036,invalid_mobile
Rodney Hansen,Rodney_Hansen@morris.com,02-07-1963,35091,invalid_mobile
Frank Gonzalez,Frank_Gonzalez@graham.com,23-05-2002,142887,invalid_mobile
Billy Mcneil,Billy_Mcneil@brooks.info,30-07-1951,3983743,invalid_mobile
Sabrina Carter,Sabrina_Carter@hubbard.com,22-12-1990,780687,invalid_mobile
Lisa Smith,Lisa_Smith@stephenson-page.com,21-10-2012,8352065,invalid_mobile;below_18
Daniel Gutierrez,Daniel_Gutierrez@shaffer-allen.info,1970/01/14,79996,invalid_mobile
Jennifer Johnson,Jennifer_Johnson@osborn.com,1997/09/22,516345,invalid_mobile
Tammy Harris,Tammy_Harris@gamble-baker.net,19-09-1961,7570858,invalid_mobile
Dominique Reynolds,Dominique_Reynolds@shannon-miller.net,1963-04-04,4518669,invalid_mobile
Brad Shaw,Brad_Shaw@berg-weaver.com,09/10/2004,9523 2383,invalid_mobile;below_18
Jennifer Marks,Jennifer_Marks@taylor-davis.com,1967-08-12,5313106,invalid_mobile
Sara Scott,Sara_Scott@richards.org,1979/08/03,6081594,invalid_mobile
Dr. Richard Walker,Richard_Walker@phelps.info,1964-11-24,1764687,invalid_mobile
Justin Williams,Justin_Williams@rios.com,1984/04/25,2534869,invalid_mobile
Richard White,Richard_White@martinez.com,09-06-1995,53291,invalid_mobile
Amber Haynes,Amber_Haynes@martinez.net,04-06-2007,523179,invalid_mobile;below_18
Dale Cunningham,Dale_Cunningham@butler.com,27-07-2012,33636,invalid_mobile;below_18
Gina Anderson,Gina_Anderson@hancock-jones.com,1990-02-28,549441,invalid_mobile
Amber Gonzalez,Amber_Gonzalez@vargas.com,1988-05-28,94911,invalid_mobile
Brian Contreras,Brian_Contreras@hill.net,07/08/1965,8979 4399,invalid_mobile
Brittney Cannon,Brittney_Cannon@henderson.info,27-02-1989,57321,invalid_mobile
Penny Smith,Penny_Smith@clark-frank.com,30-01-2015,30415199,below_18
Valerie Thompson,Valerie_Thompson@kim.com,26-09-1970,41681,invalid_mobile
Ashley Frost,Ashley_Frost@brown-hill.com,10/20/1952,1647 3423,invalid_mobile
Sean Deleon,Sean_Deleon@young.biz,28-03-1998,47966,invalid_mobile
Gary Hicks,Gary_Hicks@hopkins-salazar.biz,27-02-2018,68934063,below_18
Mr. David Walker,David_Walker@gibbs-wright.org,03/29/1965,3886345,invalid_mobile
Mary Preston,Mary_Preston@roman-schwartz.com,2015-05-31,87766727,below_18
Kelly Key,Kelly_Key@stephens.com,06-12-2011,90001,invalid_mobile;below_18
Tracy Preston,Tracy_Preston@reynolds-baxter.com,08-04-2012,9005424,invalid_mobile;below_18
Erica Weber,Erica_Weber@harris-fox.com,08/09/1993,2007 4939,invalid_mobile
Amanda Campbell,Amanda_Campbell@parker.com,03/24/1981,2195 4431,invalid_mobile
Tiffany Keller,Tiffany_Keller@perry-mitchell.com,1966/10/14,64916,invalid_mobile
Pamela Marshall,Pamela_Marshall@grimes.com,11/28/1997,14001,invalid_mobile
Dawn Miranda,Dawn_Miranda@werner.info,09/22/1955,5927 4615,invalid_mobile
Anna Butler,Anna_Butler@hanna.biz,1975/03/25,683055,invalid_mobile
Christopher Martin,Christopher_Martin@fitzgerald-delgado.info,1991-08-06,470241,invalid_mobile
Mason George,Mason_George@graham-gutierrez.info,2008/08/17,6506767,invalid_mobile;below_18
Marissa Avery,Marissa_Avery@lewis-warren.com,09/25/2014,418911,invalid_mobile;below_18
Maurice Morgan,Maurice_Morgan@adkins.biz,14-06-1971,202497,invalid_mobile
Sonia Lopez,Sonia_Lopez@young.com,2006/04/21,7153672,invalid_mobile;below_18
Mark Richards,Mark_Richards@clark.com,28-11-1967,150279,invalid_mobile
Norma Smith,Norma_Smith@herrera.org,03/27/2016,66411,invalid_mobile;below_18
Brandy Villanueva,Brandy_Villanueva@williams.net,1978/01/07,471753,invalid_mobile
David Stevens,David_Stevens@reynolds-jones.org,1983/04/01,637989,invalid_mobile
Alexis Kim,Alexis_Kim@hanson.com,2009/01/20,671745,invalid_mobile;below_18
Roy Russo,Roy_Russo@chan-strong.info,1954/04/06,39936,invalid_mobile
Carolyn Richardson,Carolyn_Richardson@bean.com,1950/04/19,204051,invalid_mobile
Alan Reyes,Alan_Reyes@benson.info,09/23/2016,9591 2183,invalid_mobile;below_18
Courtney Jensen,Courtney_Jensen@wells-hill.com,2018-06-04,64326,invalid_mobile;below_18
Ryan Love,Ryan_Love@patterson-stokes.com,04-03-2000,4287242,invalid_mobile
Kathy Valenzuela,Kathy_Valenzuela@lang-gonzales.com,1959-02-06,75316,invalid_mobile
Natalie Flores,Natalie_Flores@stone.net,12/01/1983,618717,invalid_mobile
Eileen Thomas,Eileen_Thomas@campbell-lyons.com,08-03-2006,25206031,below_18
Suzanne Hernandez,Suzanne_Hernandez@harris.com,17-09-1970,480423,invalid_mobile
William Hopkins,William_Hopkins@snyder.com,01/04/2001,1227 7875,invalid_mobile
Eric Hicks,Eric_Hicks@harris-marshall.com,2009-11-12,44671,invalid_mobile;below_18
Madeline Preston,Madeline_Preston@moore.com,2011/08/27,2838508,invalid_mobile;below_18
Mary Carroll,Mary_Carroll@friedman.com,27-11-1995,89526,invalid_mobile
Holly Skinner,Holly_Skinner@mays.com,2006-10-26,74301,invalid_mobile;below_18
Lawrence Jones,Lawrence_Jones@williams.com,1976/08/05,853941,invalid_mobile
Tina Norton,Tina_Norton@davis.org,1976-11-14,8765807,invalid_mobile
April Jones,April_Jones@haynes.com,1964-01-13,25496,invalid_mobile
Jessica Gutierrez,Jessica_Gutierrez@moore-davidson.info,1994/02/15,173325,invalid_mobile
Jessica Riggs,Jessica_Riggs@hunter-maldonado.com,05/24/1960,984117,invalid_mobile
Denise Peterson,Denise_Peterson@cook.info,10/20/1983,45291,invalid_mobile
Jerry Brown,Jerry_Brown@patel.biz,06-10-2012,6606755,invalid_mobile;below_18
Margaret Frazier,Margaret_Frazier@cook.com,07-07-2009,11301,invalid_mobile;below_18
Ricky Johnson,Ricky_Johnson@brown.biz,1982-01-26,641835,invalid_mobile
Mrs. Sara Romero,Sara_Romero@downs.biz,2004/05/14,7661032,invalid_mobile;below_18
Samuel Reynolds,Samuel_Reynolds@castro-flores.net,12/26/1969,199599,invalid_mobile
Andrew Foley,Andrew_Foley@reyes.org,2006-05-08,6758816,invalid_mobile;below_18
Anthony Gross,Anthony_Gross@pratt.com,04/23/1966,9219 3723,invalid_mobile
Lee Barker,Lee_Barker@tyler-silva.info,02/19/1980,297543,invalid_mobile
Amanda Li,Amanda_Li@riddle.com,27-04-1992,819327,invalid_mobile
Stephanie Davis,Stephanie_Davis@marshall-hernandez.com,1959-06-03,5585931,invalid_mobile
Don Rose MD,Don_Rose@morales-green.org,11/02/1978,2465380,invalid_mobile
Bradley Gibson,Bradley_Gibson@maddox-jordan.net,09-07-1999,75496,invalid_mobile
Heidi Ortiz,Heidi_Ortiz@carr.org,13-09-1981,199965,invalid_mobile
Malik Clark,Malik_Clark@stein-dickerson.com,19-02-1964,8448084,invalid_mobile
Nicole Henderson DVM,Nicole_Henderson@johnson-ramos.com,18-12-1954,599097,invalid_mobile
Katie Merritt,Katie_Merritt@bell.com,10/20/2005,477885,invalid_mobile;below_18
Michelle Hall,Michelle_Hall@fleming.com,11-06-1957,94591,invalid_mobile
Amanda Martinez,Amanda_Martinez@avila.com,06/16/1981,663387,invalid_mobile
Cindy Lin,Cindy_Lin@ferguson.org,1983/12/19,47676,invalid_mobile
Christopher Lucas,Christopher_Lucas@cisneros.com,12-12-1966,59241,invalid_mobile
Veronica Sloan,Veronica_Sloan@lang.com,07/02/2008,6247 4843,invalid_mobile;below_18
Duane Alvarez,Duane_Alvarez@haynes.biz,1972-11-02,27726,invalid_mobile
James Lee,James_Lee@merritt.com,1957-12-31,641895,invalid_mobile
Christopher Meza,Christopher_Meza@ray.com,28-11-1990,969195,invalid_mobile
Nathaniel Miller,Nathaniel_Miller@harvey-price.com,2005/06/28,25496,invalid_mobile;below_18
Mariah Cervantes,Mariah_Cervantes@fernandez-kelly.biz,1972-09-07,79716,invalid_mobile
Joshua Jones,Joshua_Jones@hanson.biz,09/20/1981,3031 7003,invalid_mobile
Brenda Jones,Brenda_Jones@casey.info,10/25/1990,1568113,invalid_mobile
Jennifer Booker,Jennifer_Booker@byrd.info,30-10-1975,6465586,invalid_mobile
Seth Castaneda,Seth_Castaneda@hunter.net,1994/09/09,6688305,invalid_mobile
Rachel Kennedy,Rachel_Kennedy@arnold-silva.net,1988-12-29,2272495,invalid_mobile
Susan Smith,Susan_Smith@salazar.com,2005/06/20,425601,invalid_mobile;below_18
Jordan Barnes,Jordan_Barnes@fitzpatrick.com,1956/05/03,521001,invalid_mobile
James Stanley,James_Stanley@beltran.com,10/08/2001,5135 1887,invalid_mobile
Christian Little,Christian_Little@chandler.net,1961-02-06,58461,invalid_mobile
Thomas Valenzuela,Thomas_Valenzuela@stevens-munoz.net,05/16/1988,7504960,invalid_mobile
Philip Hughes,Philip_Hughes@griffin.com,11-12-2010,46877215,below_18
Gary Curry,Gary_Curry@porter-santiago.com,2013-07-19,929673,invalid_mobile;below_18
Andrea Morrison,Andrea_Morrison@schroeder-rodriguez.net,17-10-2014,90017719,below_18
Norma Jenkins,Norma_Jenkins@larson.com,03/23/1957,7807 1863,invalid_mobile
Jill Ortiz,Jill_Ortiz@adams.com,2016-08-24,62271,invalid_mobile;below_18
Jessica Howell,Jessica_Howell@davis-reed.com,03/27/1999,8110502,invalid_mobile
James Henderson,James_Henderson@hill.com,2012-02-02,9360261,invalid_mobile;below_18
Nicholas Thomas,Nicholas_Thomas@scott.com,06/03/2018,8975 8311,invalid_mobile;below_18
Stephanie White,Stephanie_White@blackwell.org,02-01-1957,95481,invalid_mobile
James Palmer,James_Palmer@george.net,02-02-1983,470487,invalid_mobile
Christine Cantrell,Christine_Cantrell@larson-rodriguez.com,1956-12-02,830313,invalid_mobile
Christopher Lopez,Christopher_Lopez@rodriguez.org,1959-12-30,18666,invalid_mobile
Sandra Cook,Sandra_Cook@walker.com,05-05-2002,7435737,invalid_mobile
Pedro Dunn,Pedro_Dunn@jackson.com,1985/05/24,77296,invalid_mobile
Cassandra Gallagher,Cassandra_Gallagher@sanchez-perkins.com,1973/03/27,70786,invalid_mobile
Daniel Guzman,Daniel_Guzman@maddox-williams.org,1966-11-22,625959,invalid_mobile
Michael Hunt,Michael_Hunt@zuniga-suarez.info,1960-08-10,4215779,invalid_mobile
Crystal Valdez,Crystal_Valdez@stewart-randolph.com,08/02/2003,6559 8575,invalid_mobile
Luis Saunders,Luis_Saunders@herrera-love.com,2017/12/21,4119046,invalid_mobile;below_18
Samantha Golden,Samantha_Golden@shields.com,02/23/2001,6378478,invalid_mobile
Brian Woods,Brian_Woods@thomas.biz,08/15/1968,151497,invalid_mobile
Janet Fleming,Janet_Fleming@miller-potts.info,02-04-1973,3612946,invalid_mobile
Rebecca Brooks,Rebecca_Brooks@martin.com,27-03-1964,9141882,invalid_mobile
Sara Oliver,Sara_Oliver@young-dixon.com,02-11-1954,91656,invalid_mobile
Megan Hickman,Megan_Hickman@brown-martin.biz,1977-09-09,99921,invalid_mobile
Raymond Davis,Raymond_Davis@gross-wilson.org,16-01-1995,36686,invalid_mobile
Krystal Miller,Krystal_Miller@cochran-smith.com,01-08-1977,2180872,invalid_mobile
Brian Christian,Brian_Christian@perez.com,11/01/1951,8741895,invalid_mobile
Stephen Doyle,Stephen_Doyle@gallegos.com,02/27/1985,20141,invalid_mobile
Carl Taylor,Carl_Taylor@melendez.com,01/12/1975,2707 5015,invalid_mobile
Kathleen Peterson,Kathleen_Peterson@garcia.com,1982/02/10,462369,invalid_mobile
Teresa Mcintosh,Teresa_Mcintosh@kirk-kidd.com,27-07-2006,19116,invalid_mobile;below_18
Ashley Hill,Ashley_Hill@cantu.net,06/29/1966,396237,invalid_mobile
Andrew Jacobs,Andrew_Jacobs@miller.biz,02-02-1975,710727,invalid_mobile
Jeffery Turner,Jeffery_Turner@thomas.org,1993-04-01,86116,invalid_mobile
Jason Burgess,Jason_Burgess@gonzales-burgess.net,12/29/1972,3485700,invalid_mobile
Crystal Herrera,Crystal_Herrera@heath.biz,03/28/1979,98076,invalid_mobile
Brenda Dean,Brenda_Dean@allison-hill.com,02/15/1969,5503 7019,invalid_mobile
Julie Suarez,Julie_Suarez@jones.info,1968/12/21,381189,invalid_mobile
William Lee,William_Lee@jones.com,02-07-1987,319953,invalid_mobile
Paige Sanders,Paige_Sanders@montgomery-acevedo.com,2001/11/20,83401,invalid_mobile
Devin Bates,Devin_Bates@boyd.com,2008-02-22,801057,invalid_mobile;below_18
Patricia Olsen,Patricia_Olsen@haynes-blankenship.com,11/24/1998,7067 3187,invalid_mobile
Becky Hernandez,Becky_Hernandez@wolfe-estes.com,09/02/1952,636777,invalid_mobile
John Henderson,John_Henderson@wilson.biz,1968/04/29,825657,invalid_mobile
Samuel Bell,Samuel_Bell@davis-combs.net,2003-05-13,3783291,invalid_mobile
Mitchell Owen,Mitchell_Owen@finley.info,19-09-2010,540609,invalid_mobile;below_18
Amy Baker,Amy_Baker@phelps-cole.com,05-07-2000,9951397,invalid_mobile
Duane Gomez,Duane_Gomez@williamson.biz,1991/06/12,884811,invalid_mobile
Maria Hampton,Maria_Hampton@turner-white.biz,2013/11/15,89841,invalid_mobile;below_18
Kathy Schneider,Kathy_Schneider@randolph.com,1971/01/30,243465,invalid_mobile
Christopher Johnson,Christopher_Johnson@odom.com,10-02-1976,543123,invalid_mobile
Alison Rojas,Alison_Rojas@marshall.com,21-07-2018,71311,invalid_mobile;below_18
Susan Valdez,Susan_Valdez@ritter-rich.com,2016-07-13,684699,invalid_mobile;below_18
David Frank,David_Frank@reyes-thomas.com,09/28/1968,3119 2639,invalid_mobile
Jason Conway,Jason_Conway@salinas.com,25-08-2009,26369799,below_18
Nathan Reid,Nathan_Reid@warner.com,09-05-2014,6270027,invalid_mobile;below_18
Amy Klein,Amy_Klein@williamson.net,1987/07/17,7759424,invalid_mobile
Victoria Johnson,Victoria_Johnson@conley.com,1965/03/07,99921,invalid_mobile
Sara Adams,Sara_Adams@gutierrez-wilson.info,20-11-1992,141423,invalid_mobile
Charles Reid,Charles_Reid@willis.info,2003-07-07,61296,invalid_mobile
Angela Davis,Angela_Davis@jones-morgan.com,1961/04/18,6580001,invalid_mobile
Brittany Nicholson,Brittany_Nicholson@carlson-wade.com,04/15/1992,4524605,invalid_mobile
Heather Boyle,Heather_Boyle@lopez.com,03/01/2003,9167 9575,invalid_mobile
Martin Robinson,Martin_Robinson@gray.info,1992-02-17,74866,invalid_mobile
Christopher Mitchell,Christopher_Mitchell@blair.net,2008/04/06,70452735,below_18
Nathaniel Kelly,Nathaniel_Kelly@barron.info,1990/10/31,575673,invalid_mobile
Jesus Martinez,Jesus_Martinez@hunt-nichols.com,24-04-2006,98146,invalid_mobile;below_18
Mark Kim,Mark_Kim@martinez.biz,11-01-2008,3036839,invalid_mobile;below_18
Kimberly Mccullough,Kimberly_Mccullough@cantu.com,1989/09/01,209511,invalid_mobile
Kevin Richardson,Kevin_Richardson@wheeler.com,1989/07/18,27436,invalid_mobile
Kim Kramer,Kim_Kramer@dominguez.com,05/07/1986,965793,invalid_mobile
Rebecca Pearson,Rebecca_Pearson@davis.org,2000/11/13,68566,invalid_mobile
Ernest Blake,Ernest_Blake@long.com,06/21/1999,2715 5511,invalid_mobile
Kimberly Aguilar,Kimberly_Aguilar@gilmore.info,06/07/1963,61041,invalid_mobile
Mr. Parker Chandler DDS,Parker_Chandler@barnes.com,1985-04-09,365589,invalid_mobile
Patricia Jordan,Patricia_Jordan@robbins.net,2014-10-05,49578007,below_18
Thomas Guzman,Thomas_Guzman@taylor.net,1950/03/31,30646,invalid_mobile
Christina Lewis,Christina_Lewis@dougherty.com,1991-11-10,425109,invalid_mobile
Nicole Green,Nicole_Green@green.info,1975-11-14,624039,invalid_mobile
Sandra Ayers,Sandra_Ayers@flowers.com,07/13/1963,260007,invalid_mobile
Kimberly Gould,Kimberly_Gould@smith.com,2010/09/25,51456,invalid_mobile;below_18
Cory Johnson,Cory_Johnson@bishop.info,12/29/1984,16831,invalid_mobile
Lisa Butler,Lisa_Butler@caldwell.net,1981/08/20,39281,invalid_mobile
Stephanie Gomez,Stephanie_Gomez@marks.com,1992/02/14,778365,invalid_mobile
Dennis Figueroa,Dennis_Figueroa@kidd-hernandez.com,1950-05-13,74466,invalid_mobile
Michelle Spencer,Michelle_Spencer@norman.biz,1962/09/24,2241310,invalid_mobile
Austin Zuniga,Austin_Zuniga@cline-tucker.com,08-04-1957,7639906,invalid_mobile
Sarah Mora,Sarah_Mora@neal.com,1955-09-10,72556,invalid_mobile
Mr. David Brown,David_Brown@harding.org,1997/11/26,2764749,invalid_mobile
Regina Smith,Regina_Smith@norris-brown.org,1954-07-01,69281,invalid_mobile
John Gardner,John_Gardner@heath.com,19-02-1980,3945712,invalid_mobile
Michael Wu,Michael_Wu@gutierrez.com,30-11-2004,29225607,below_18
Jenny Fox,Jenny_Fox@ross.com,1978/10/18,8239141,invalid_mobile
Elizabeth Cole,Elizabeth_Cole@kaufman-zavala.com,2003-02-17,702021,invalid_mobile
Justin Holmes,Justin_Holmes@davis.biz,12/15/1993,6934432,invalid_mobile
Steve Carey,Steve_Carey@smith.biz,2014-09-15,754287,invalid_mobile;below_18
Ryan Miller,Ryan_Miller@williams.net,1974/07/17,159111,invalid_mobile
Alvin Blair,Alvin_Blair@walton.biz,1952/11/22,657699,invalid_mobile
John Pearson,John_Pearson@golden.com,1957/01/30,52606,invalid_mobile
Marcus Mejia,Marcus_Mejia@brooks.net,07-07-1975,9450169,invalid_mobile
Antonio Simon,Antonio_Simon@wang-larsen.net,08-07-2009,62936,invalid_mobile;below_18
Maria Mccall,Maria_Mccall@watts.com,2017/12/05,3879842,invalid_mobile;below_18
Linda Robinson,Linda_Robinson@farmer.com,07/24/2001,917355,invalid_mobile
Emily Rodriguez,Emily_Rodriguez@gardner.biz,16-07-1991,177843,invalid_mobile
Dr. Samantha Morrison,Samantha_Morrison@hamilton-wilson.net,11/20/1961,8583856,invalid_mobile
Johnny Clark,Johnny_Clark@phillips-phillips.com,1987/01/02,81701,invalid_mobile
Brandon Hanson,Brandon_Hanson@walker.com,1967-05-09,67926,invalid_mobile
Dana Mcclain,Dana_Mcclain@jackson.org,28-04-2009,14366295,below_18
Christine Ramos,Christine_Ramos@hanson.biz,11/28/1992,661173,invalid_mobile
Lisa Holloway MD,Lisa_Holloway@brown.com,01/02/1972,7375 1431,invalid_mobile
Melissa Gibson,Melissa_Gibson@wheeler-cunningham.com,02/20/2013,8002891,invalid_mobile;below_18
Michael Fernandez,Michael_Fernandez@hill-burgess.com,04/28/1986,3201052,invalid_mobile
Karen Woods,Karen_Woods@nelson.info,21-02-2008,25321,invalid_mobile;below_18
Alexander Cook,Alexander_Cook@williams.org,16-11-1972,421131,invalid_mobile
Michelle Hale,Michelle_Hale@evans.biz,1978-10-21,4280893,invalid_mobile
Dawn Perez,Dawn_Perez@carroll.info,11-11-1955,557427,invalid_mobile
Michael Smith,Michael_Smith@mccarthy-hayes.info,04/24/1968,1363 8487,invalid_mobile
Pamela Willis,Pamela_Willis@fitzgerald.com,1969-03-16,614373,invalid_mobile
Tracy Coleman,Tracy_Coleman@thomas.com,1997-04-07,61371,invalid_mobile
Amanda Jones,Amanda_Jones@klein.com,06/02/2010,17256,invalid_mobile;below_18
Alexis Bradford,Alexis_Bradford@steele.com,2001-09-29,6019490,invalid_mobile
Eric Elliott,Eric_Elliott@anderson-ellison.com,1986-03-30,63151,invalid_mobile
Richard Tucker,Richard_Tucker@murphy.com,06/25/1971,5383 8335,invalid_mobile
Rhonda White,Rhonda_White@arellano.com,1990/10/12,724107,invalid_mobile
Annette Kaufman,Annette_Kaufman@schultz-williams.org,1997-06-29,67241,invalid_mobile
Kenneth Brown,Kenneth_Brown@olson-lee.org,01/25/2006,385581,invalid_mobile;below_18
Joshua Brown,Joshua_Brown@zhang.com,02/20/1992,167415,invalid_mobile
Monique Thompson,Monique_Thompson@davis.biz,07/15/1996,6967 1135,invalid_mobile
Tammy Anderson,Tammy_Anderson@turner.com,1970-01-17,566985,invalid_mobile
Robert Foster,Robert_Foster@williams.com,22-12-1964,973749,invalid_mobile
Phillip White,Phillip_White@davis.com,1993-03-03,43136,invalid_mobile
Jeffrey Reeves,Jeffrey_Reeves@howard.org,19-12-2005,11451,invalid_mobile;below_18
Michelle Dodson,Michelle_Dodson@wright.net,01-03-2013,180753,invalid_mobile;below_18
Deborah Carter,Deborah_Carter@collins.com,2013/03/01,45711759,below_18
Donna Lloyd,Donna_Lloyd@newton-reynolds.info,02/06/1956,124611,invalid_mobile
Jason Brown,Jason_Brown@lamb.net,2014/10/07,68172735,below_18
Ryan Vaughn,Ryan_Vaughn@rodriguez.com,1960-11-29,46011,invalid_mobile
Dan Smith,Dan_Smith@henry.com,11/26/1996,133353,invalid_mobile
Alex Brown,Alex_Brown@paul.biz,03/07/2017,5419 1187,invalid_mobile;below_18
Ethan Lee,Ethan_Lee@adkins.com,2012-12-22,48261,invalid_mobile;below_18
Jose Martinez,Jose_Martinez@martin.com,1995-09-24,65941,invalid_mobile
Alejandra Strickland,Alejandra_Strickland@ward-johnson.net,1957/02/22,3464644,invalid_mobile
Paula Gregory,Paula_Gregory@sanders.com,02-03-1967,36121,invalid_mobile
Joseph Lozano,Joseph_Lozano@bruce.com,1982/02/21,659385,invalid_mobile
Mr. Dean Thomas,Dean_Thomas@sanchez.org,03-07-2015,39676,invalid_mobile;below_18
Madison Richardson,Madison_Richardson@sullivan-riggs.com,19-06-1962,668097,invalid_mobile
Kelly Buchanan,Kelly_Buchanan@day-smith.com,14-03-2001,96741,invalid_mobile
Robert Brown,Robert_Brown@arroyo-jennings.com,2010/01/12,85795927,below_18
Felicia Sawyer,Felicia_Sawyer@vega.com,2006/03/31,144165,invalid_mobile;below_18
Julian Edwards,Julian_Edwards@brown-peterson.com,23-08-1956,91021,invalid_mobile
David Salazar,David_Salazar@butler.com,12/11/2017,302277,invalid_mobile;below_18
Joshua Williams,Joshua_Williams@hardy.com,22-04-1969,373557,invalid_mobile
Daniel Yoder,Daniel_Yoder@brown.net,11-11-2017,4431925,invalid_mobile;below_18
Daniel Nelson,Daniel_Nelson@cooper-robinson.com,1985-07-10,5908778,invalid_mobile
Gary White,Gary_White@casey.org,09/03/1993,71301,invalid_mobile
Jason Campbell,Jason_Campbell@smith-roach.com,1954/10/10,93071,invalid_mobile
Elizabeth Watson,Elizabeth_Watson@humphrey-cox.com,2014/10/16,4912503,invalid_mobile;below_18
Kenneth Wright,Kenneth_Wright@fox.com,03-05-1962,59641,invalid_mobile
Robert Perez,Robert_Perez@anderson-shaw.net,05/28/1969,3887 6643,invalid_mobile
David Clark,David_Clark@short-christian.com,2007/02/04,54461,invalid_mobile;below_18
Beverly Leon,Beverly_Leon@vance.info,11/08/1993,5063 8447,invalid_mobile
Dr. Robert Wright,Robert_Wright@davis-miller.net,1964/02/08,77211,invalid_mobile
Derrick Wells,Derrick_Wells@bowman.org,1954-06-17,1455574,invalid_mobile
Devin Neal,Devin_Neal@graham.org,2013/05/26,969225,invalid_mobile;below_18
Linda Baker,Linda_Baker@moran.info,04-10-1995,23696,invalid_mobile
Amanda Ray,Amanda_Ray@miller.com,21-08-2015,67585215,below_18
Bruce Williams,Bruce_Williams@foster.biz,1969-07-28,8124901,invalid_mobile
Amy Castillo,Amy_Castillo@brooks-mcintyre.com,03/30/1963,8119042,invalid_mobile
Kyle Turner,Kyle_Turner@wright-williams.com,26-11-2004,54311,invalid_mobile;below_18
Steven Mason,Steven_Mason@fischer-nelson.info,1962-11-12,342939,invalid_mobile
Kimberly Kelly,Kimberly_Kelly@smith-davis.com,2004/04/03,97604615,below_18
Melissa Ellis,Melissa_Ellis@gonzalez-miranda.com,1988-09-07,243687,invalid_mobile
Mark Mcmillan,Mark_Mcmillan@young.com,1952-04-29,8910910,invalid_mobile
Erin Bautista,Erin_Bautista@kline.com,01/28/1979,7454014,invalid_mobile
Joseph Holt,Joseph_Holt@ward-williams.info,1985/04/10,778737,invalid_mobile
Dean Foster,Dean_Foster@harrell-ortiz.biz,1991-09-08,244989,invalid_mobile
Luis Smith,Luis_Smith@lewis.com,06/15/2008,6927 9743,invalid_mobile;below_18
Alexis Marshall,Alexis_Marshall@ortiz.com,11/07/2018,372087,invalid_mobile;below_18
Nathan Jones,Nathan_Jones@hess.net,2002/06/07,61001,invalid_mobile
Debra Jordan,Debra_Jordan@parrish-chen.com,02/04/1995,656019,invalid_mobile
Billy Rose,Billy_Rose@green.com,1990-02-22,93601,invalid_mobile
Amber Stephens,Amber_Stephens@allen-garcia.com,02-10-2009,57151,invalid_mobile;below_18
Sandra Williamson DDS,Sandra_Williamson@dixon.info,1966/08/21,824961,invalid_mobile
Mikayla Wiggins,Mikayla_Wiggins@murphy.info,1967-04-28,5378864,invalid_mobile
Brandon Cruz,Brandon_Cruz@gutierrez.info,24-01-1995,258783,invalid_mobile
Tracy York,Tracy_York@buchanan.com,07-12-1997,185859,invalid_mobile
Jessica Adams,Jessica_Adams@berry.biz,08/29/2006,5407 4899,invalid_mobile;below_18
Diana Flores,Diana_Flores@hill.com,2006/01/25,24605159,below_18
Anthony Brooks,Anthony_Brooks@munoz.com,2008-05-06,67481,invalid_mobile;below_18
Joan Cruz,Joan_Cruz@webb-howe.net,08-07-1953,48606,invalid_mobile
Lauren Ray,Lauren_Ray@jenkins.org,02/08/1954,943671,invalid_mobile
Robert Fisher,Robert_Fisher@franklin-lee.com,1967-04-13,879579,invalid_mobile
Christopher Clark,Christopher_Clark@ramos.biz,10/08/1988,36611,invalid_mobile
Leah Palmer,Leah_Palmer@roman.biz,03/20/1969,774171,invalid_mobile
Erin Campbell,Erin_Campbell@koch-johnson.com,2000-06-22,11156,invalid_mobile
Michael Smith,Michael_Smith@long.com,2008-03-05,13581,invalid_mobile;below_18
Carolyn Gonzalez,Carolyn_Gonzalez@walsh.com,06/20/1957,19666,invalid_mobile
Evan Jackson,Evan_Jackson@duke.com,15-05-1982,31141,invalid_mobile
Angela Lopez,Angela_Lopez@flynn-moore.org,26-04-2010,40176,invalid_mobile;below_18
Mariah Jones,Mariah_Jones@butler-murphy.com,1961-02-03,2175027,invalid_mobile
Melissa Yates,Melissa_Yates@baxter-kaiser.com,10/15/1970,67396,invalid_mobile
Chad Hill MD,Chad_Hill@murphy.biz,2003-10-07,19026,invalid_mobile
Dalton Marshall,Dalton_Marshall@perez.com,2005/06/22,75676,invalid_mobile;below_18
Megan Davis,Megan_Davis@bonilla.com,2018-12-05,856173,invalid_mobile;below_18
Jay Hunt,Jay_Hunt@villanueva-estrada.org,15-06-2009,71646,invalid_mobile;below_18
Craig Brady,Craig_Brady@lee-smith.com,1997-09-10,70746,invalid_mobile
James Cooper,James_Cooper@brewer-evans.com,1955-05-02,15721,invalid_mobile
Timothy Cabrera,Timothy_Cabrera@mcdonald-smith.net,1998/04/29,324453,invalid_mobile
Justin Kemp,Justin_Kemp@morton.biz,28-12-1996,9080065,invalid_mobile
Sean Roach,Sean_Roach@campbell-boyd.info,08/05/1993,3135252,invalid_mobile
Jeffery Steele,Jeffery_Steele@gutierrez.com,1979/05/22,449853,invalid_mobile
Albert Sellers,Albert_Sellers@gonzalez.com,08/27/2012,9135232,invalid_mobile;below_18
Jennifer Snyder,Jennifer_Snyder@allen-hernandez.com,1994/08/05,4231046,invalid_mobile
John Scott,John_Scott@rodgers.com,25-12-2018,88527399,below_18
Gabrielle Brown DVM,Gabrielle_Brown@curtis.org,06/26/1998,6128914,invalid_mobile
Devon Ramsey,Devon_Ramsey@wilson-sanchez.info,2005-08-03,181269,invalid_mobile;below_18
Linda Palmer,Linda_Palmer@collins-garrett.com,01/20/2012,66506,invalid_mobile;below_18
Laura Vargas,Laura_Vargas@myers.net,1951-06-29,44031,invalid_mobile
Felicia Stewart,Felicia_Stewart@castaneda-hines.com,24-06-1950,764061,invalid_mobile
Antonio Lewis,Antonio_Lewis@robinson-sullivan.info,11/03/2018,7496112,invalid_mobile;below_18
Andrew Nielsen,Andrew_Nielsen@cole.com,11/13/1982,287115,invalid_mobile
Lindsay Carpenter,Lindsay_Carpenter@hernandez.info,1962-03-08,25691,invalid_mobile
Chris Stewart,Chris_Stewart@lyons.net,2004-11-09,619833,invalid_mobile;below_18
Robert Moore,Robert_Moore@collins.com,03/17/1950,1399812,invalid_mobile
Timothy Ray,Timothy_Ray@torres.biz,27-01-1962,353613,invalid_mobile
Scott Day,Scott_Day@robinson.info,07/27/2017,32726,invalid_mobile;below_18
Nathaniel Armstrong,Nathaniel_Armstrong@williams-medina.net,1960/10/04,50026,invalid_mobile
Amanda Brown,Amanda_Brown@martinez.com,18-04-2010,36636,invalid_mobile;below_18
Larry Wilson,Larry_Wilson@perry.com,02/21/1967,5615 8527,invalid_mobile
Joshua Thompson,Joshua_Thompson@morrow.com,08/30/1984,9899 9803,invalid_mobile
Kim Howell,Kim_Howell@rice-avery.biz,02/01/2009,4811794,invalid_mobile;below_18
Kristin Lindsey,Kristin_Lindsey@dennis.com,1963-07-02,73341,invalid_mobile
Erin Flowers,Erin_Flowers@smith.com,2007-07-03,962571,invalid_mobile;below_18
Samuel Anderson,Samuel_Anderson@white-bryant.com,2016-09-06,83338023,below_18
Jennifer Burke DDS,Jennifer_Burke@sampson-davis.com,10/09/1981,9728258,invalid_mobile
Kelly Douglas,Kelly_Douglas@walton.com,1988-11-04,2470602,invalid_mobile
Nancy Marshall,Nancy_Marshall@wood.net,1972/06/20,7573700,invalid_mobile
Jorge Johnson,Jorge_Johnson@sanchez.com,1967-02-24,66181,invalid_mobile
Amy French,Amy_French@castro.com,05/09/2005,290895,invalid_mobile;below_18
Virginia Chambers DDS,Virginia_Chambers@lewis.com,1982/02/04,1259959,invalid_mobile
Mary Pollard,Mary_Pollard@francis.com,21-09-1985,977979,invalid_mobile
Edward Norris,Edward_Norris@harris-long.info,10/14/2010,820179,invalid_mobile;below_18
Deborah Bailey,Deborah_Bailey@shaw.com,1987-12-23,750429,invalid_mobile
Jennifer Jones,Jennifer_Jones@hall.org,2011-04-23,20526,invalid_mobile;below_18
Sonya Griffith,Sonya_Griffith@harris.com,28-04-2006,30409567,below_18
Patrick Gallagher,Patrick_Gallagher@higgins.com,1986/12/16,391455,invalid_mobile
Jonathan Miller,Jonathan_Miller@rodgers-sanchez.info,1990/03/02,4791452,invalid_mobile
Heather Ballard,Heather_Ballard@armstrong.net,1952/01/25,84416,invalid_mobile
Andre Manning,Andre_Manning@reeves-marshall.com,12-08-2004,66456055,below_18
Ashley Soto,Ashley_Soto@yoder.com,2006/11/04,76666,invalid_mobile;below_18
Dr. Elizabeth Clark,Elizabeth_Clark@parker.net,2017/08/26,17305399,below_18
Patricia Young,Patricia_Young@sims.biz,2002/07/28,11131,invalid_mobile
Marisa Campbell,Marisa_Campbell@wilkinson-scott.org,1953/12/09,654831,invalid_mobile
Timothy Davis,Timothy_Davis@johnson-brooks.com,10/17/1959,8064414,invalid_mobile
Mitchell Ibarra,Mitchell_Ibarra@cole.com,10/30/1984,76251,invalid_mobile
Paul Taylor,Paul_Taylor@allen-larson.net,26-10-1955,13786,invalid_mobile
Henry Roach,Henry_Roach@newman.com,06/14/1956,71356,invalid_mobile
Thomas Mcclain,Thomas_Mcclain@shields.com,2014/05/16,4416952,invalid_mobile;below_18
Dennis Williams,Dennis_Williams@rivas.com,11/07/1966,9399 3079,invalid_mobile
Paul Stein,Paul_Stein@ramirez.org,07/08/1977,1978278,invalid_mobile
Susan Christensen,Susan_Christensen@anderson.com,1975-05-04,326721,invalid_mobile
Crystal Brown,Crystal_Brown@barnes.com,1973/03/14,8176519,invalid_mobile
Crystal Lowe,Crystal_Lowe@andrews.com,1994/11/30,598563,invalid_mobile
Brian Baker,Brian_Baker@martinez-jenkins.com,24-05-2000,5431329,invalid_mobile
Molly Fischer,Molly_Fischer@johnson-ramirez.com,1987/10/17,34941,invalid_mobile
Karen Morton,Karen_Morton@romero.com,04/10/1991,3683 8791,invalid_mobile
Mark Green,Mark_Green@lucas-barnes.com,17-04-1968,68661,invalid_mobile
Karen Davis,Karen_Davis@roy-jones.biz,1998-09-30,4794070,invalid_mobile
Joanna Figueroa,Joanna_Figueroa@bowen-soto.com,1957-01-29,52951,invalid_mobile
Paula Barker,Paula_Barker@melendez-hill.com,25-05-1992,63086,invalid_mobile
Adam White,Adam_White@doyle.com,1999/01/15,86506,invalid_mobile
Melinda Fitzpatrick,Melinda_Fitzpatrick@davis.info,04/08/1962,3211 3511,invalid_mobile
Victoria Moore,Victoria_Moore@ramirez.biz,01/16/1992,6323 2827,invalid_mobile
Timothy Clark,Timothy_Clark@richardson.com,2013-06-13,3589755,invalid_mobile;below_18
Nathaniel Wells,Nathaniel_Wells@morris.net,12/19/1958,250749,invalid_mobile
Cindy Pitts,Cindy_Pitts@harris-craig.org,05/02/1986,5364255,invalid_mobile
Nichole Townsend,Nichole_Townsend@romero.info,1997-06-06,1175259,invalid_mobile
Jessica Allen,Jessica_Allen@flynn.com,31-10-1966,270669,invalid_mobile
Charles Wright,Charles_Wright@wilson-huff.com,21-04-2009,361641,invalid_mobile;below_18
Julie Castillo,Julie_Castillo@dodson-park.biz,01/09/1980,86306,invalid_mobile
Robert Young,Robert_Young@bryan.biz,2001-05-29,8980161,invalid_mobile
Randy Bauer,Randy_Bauer@morgan.org,01/01/2012,3405788,invalid_mobile;below_18
Joel Webb,Joel_Webb@solis-swanson.com,10/09/1989,3783 9071,invalid_mobile
Christopher Bright,Christopher_Bright@campbell.biz,10/19/1966,3823527,invalid_mobile
Maria Reyes,Maria_Reyes@allen-kim.biz,03/06/1989,22751,invalid_mobile
Christopher Larson,Christopher_Larson@ross.info,05-01-2000,73856,invalid_mobile
Evan Richardson,Evan_Richardson@patrick-cole.com,27-06-1977,591963,invalid_mobile
Brittany Salinas,Brittany_Salinas@garrison.com,1979-04-17,4460492,invalid_mobile
Theodore Schultz,Theodore_Schultz@dunn.net,2014/11/12,69146,invalid_mobile;below_18
Allen Hall,Allen_Hall@murphy.org,1976-01-13,123687,invalid_mobile
Mark Bailey,Mark_Bailey@greer-davis.com,1988/05/08,20746,invalid_mobile
Ashley Barton,Ashley_Barton@hayes.com,1989-03-14,554769,invalid_mobile
Melissa Reid,Melissa_Reid@weber.info,07/21/1973,8472955,invalid_mobile
Kevin Frazier,Kevin_Frazier@prince.com,2009-10-02,8583765,invalid_mobile;below_18
Jacqueline Russell,Jacqueline_Russell@barrett.net,05/21/1979,201495,invalid_mobile
Jeremy Davidson,Jeremy_Davidson@baker.com,04/24/2014,9045282,invalid_mobile;below_18
Vincent Taylor,Vincent_Taylor@taylor-rodriguez.net,07/16/1965,6194315,invalid_mobile
Daniel Alexander,Daniel_Alexander@chang.info,12/09/1969,1288155,invalid_mobile
Katherine Brooks,Katherine_Brooks@mora-hernandez.com,11/11/1966,50836,invalid_mobile
Donna Malone,Donna_Malone@brown.com,10/07/1952,8903 8207,invalid_mobile
Sarah Carlson,Sarah_Carlson@morris.net,08/08/2013,598389,invalid_mobile;below_18
Stephen Stafford,Stephen_Stafford@lambert.info,05/03/1953,4399928,invalid_mobile
Molly Grant,Molly_Grant@porter.com,04/02/1965,5299295,invalid_mobile
Vanessa Chase,Vanessa_Chase@waters.com,05/10/2007,4979822,invalid_mobile;below_18
Katrina Miller,Katrina_Miller@anderson-dawson.biz,25-05-1956,402705,invalid_mobile
Karen Hancock,Karen_Hancock@brown.com,09/19/1988,9030904,invalid_mobile
Raymond Brooks,Raymond_Brooks@spencer.org,08/29/2007,1951664,invalid_mobile;below_18
Amanda Reynolds,Amanda_Reynolds@barnes.com,21-10-2016,26241,invalid_mobile;below_18
Sandra Marquez,Sandra_Marquez@haynes.com,1993-09-04,6355350,invalid_mobile
Eric Gregory,Eric_Gregory@wagner.com,1961-06-16,5179343,invalid_mobile
Mary Allen,Mary_Allen@king-fisher.org,18-11-2010,3142952,invalid_mobile;below_18
Michael Santos,Michael_Santos@ball-larson.com,07/03/1993,40466,invalid_mobile
Ronnie Ali,Ronnie_Ali@powell.com,07/12/1998,240207,invalid_mobile
John Richardson,John_Richardson@mccall.biz,29-04-1966,816681,invalid_mobile
Joseph Beasley,Joseph_Beasley@woods.org,1989/03/09,816459,invalid_mobile
Kyle Brown,Kyle_Brown@williams-benson.com,1987-09-17,4034633,invalid_mobile
Ruth Ballard,Ruth_Ballard@byrd-schaefer.info,1994/02/07,7480663,invalid_mobile
Michael Bradley,Michael_Bradley@martin.org,1995/07/29,2320284,invalid_mobile
Derek Sandoval,Derek_Sandoval@hernandez-martinez.com,1982/04/07,471009,invalid_mobile
Rodney Harrison,Rodney_Harrison@johnson.com,1993/11/27,9536472,invalid_mobile
Whitney Sims,Whitney_Sims@moreno-brewer.info,1992-06-20,5640027,invalid_mobile
Carly Wagner,Carly_Wagner@johnson.com,1960/06/14,59171,invalid_mobile
Brett House,Brett_House@rose-clarke.com,11/26/1984,9811 4087,invalid_mobile
Steve Gonzalez,Steve_Gonzalez@young.com,1976-11-28,6214727,invalid_mobile
David Fisher,David_Fisher@davis.info,1992-10-09,16961,invalid_mobile
Leonard King,Leonard_King@keller.biz,1977-01-26,20751,invalid_mobile
Elizabeth Lewis,Elizabeth_Lewis@rivera-gonzalez.biz,1979/07/30,56666,invalid_mobile
Nicole Small,Nicole_Small@nolan-randall.com,04/14/1957,8255 3335,invalid_mobile
Anthony Cline,Anthony_Cline@rivera-collier.net,01/25/1989,6423 1171,invalid_mobile
Brent Moore,Brent_Moore@patel-martin.com,20-10-1992,6751949,invalid_mobile
Maria Hunt,Maria_Hunt@bennett.com,06/03/1983,571851,invalid_mobile
Mrs. Andrea Meza,Andrea_Meza@moreno.com,06/06/1986,56501,invalid_mobile
Nathan Crane,Nathan_Crane@nolan.info,14-03-1978,9432312,invalid_mobile
Dr. Douglas Delgado DDS,Douglas_Delgado@davis-lane.com,1978-11-03,5880421,invalid_mobile
Dennis Perez,Dennis_Perez@kelley.info,1993/11/20,2815674,invalid_mobile
Veronica Berry,Veronica_Berry@singh-anderson.com,04-10-2014,819843,invalid_mobile;below_18
Kristine Holland,Kristine_Holland@robertson-lewis.biz,1969-11-05,27426,invalid_mobile
Kelly Gregory,Kelly_Gregory@chan-gonzales.com,15-11-1970,753465,invalid_mobile
Shawn Brown,Shawn_Brown@smith-dougherty.org,13-01-2014,884547,invalid_mobile;below_18
Danielle George,Danielle_George@cole.info,12/06/2017,9183 8815,invalid_mobile;below_18
Tiffany Brown,Tiffany_Brown@stout-thompson.com,02/17/2003,2775 5951,invalid_mobile
Alice Freeman,Alice_Freeman@johnson.com,2014/11/05,547245,invalid_mobile;below_18
Jessica Hopkins,Jessica_Hopkins@watkins.com,2007/04/21,877329,invalid_mobile;below_18
April Bryant,April_Bryant@edwards-riggs.org,1973-08-26,202863,invalid_mobile
Christopher Miller,Christopher_Miller@thornton.com,06/09/1984,69221,invalid_mobile
Duane Smith,Duane_Smith@garcia-lopez.com,1977-01-15,55906,invalid_mobile
Dr. Victoria Kirk,Victoria_Kirk@clark.biz,28-12-2017,81082879,below_18
Paul Davis,Paul_Davis@berg.com,05/01/2003,978435,invalid_mobile
Kevin Lambert Jr.,Kevin_Lambert@hogan.org,1951/03/20,7732992,invalid_mobile
Sheila Morton,Sheila_Morton@jones.org,2015/07/16,13556935,below_18
Melanie Dennis,Melanie_Dennis@daniels.com,1988-10-24,8830424,invalid_mobile
Melissa Cline,Melissa_Cline@davis.com,29-08-1971,6097904,invalid_mobile
Timothy Williams,Timothy_Williams@smith.com,1977-08-22,22536,invalid_mobile
Kimberly Anderson,Kimberly_Anderson@sandoval-garcia.com,2009/04/11,94200159,below_18
Sarah Simmons,Sarah_Simmons@nelson.com,1957/02/04,22621,invalid_mobile
Michael Bryan,Michael_Bryan@hall.org,1975-07-17,78181,invalid_mobile
Peter Lopez DVM,Peter_Lopez@mejia-farrell.com,2018/05/22,58791,invalid_mobile;below_18
Philip Oliver,Philip_Oliver@randolph.com,01/03/2013,7107 7595,invalid_mobile;below_18
Sara Hodges,Sara_Hodges@morrow.com,1975/02/04,343755,invalid_mobile
Richard Hicks,Richard_Hicks@ferguson-henderson.com,30-11-2007,94751,invalid_mobile;below_18
Michael Brown,Michael_Brown@henry.com,01/12/2010,65131,invalid_mobile;below_18
Destiny Roy,Destiny_Roy@wilson.com,1977-05-05,97886,invalid_mobile
Kimberly Baker,Kimberly_Baker@bowman.com,2002-07-03,7213130,invalid_mobile
Preston Ferguson III,Preston_Ferguson@rowe.com,08-10-1963,81456,invalid_mobile
Rachel Montgomery,Rachel_Montgomery@flores-martin.net,1995/08/06,26916,invalid_mobile
Rebecca Walls,Rebecca_Walls@mitchell.net,03/17/1973,789609,invalid_mobile
Mr. Matthew Collins,Matthew_Collins@wong.biz,04/05/2017,4935834,invalid_mobile;below_18
Thomas Forbes,Thomas_Forbes@beck.com,10/23/1959,2503 6935,invalid_mobile
Caitlin Shelton,Caitlin_Shelton@hawkins-davis.com,10/05/2014,3707 5271,invalid_mobile;below_18
Jennifer Lin,Jennifer_Lin@nichols-mullen.net,10/09/1951,7115557,invalid_mobile
Diana Carney,Diana_Carney@chapman.com,05/16/2008,39066,invalid_mobile;below_18
Kevin Mayo,Kevin_Mayo@pope-jones.com,10/29/1976,7623 4311,invalid_mobile
Nicholas West,Nicholas_West@smith.com,28-10-1997,6329989,invalid_mobile
Mitchell Kelley,Mitchell_Kelley@thomas.com,18-10-1979,50086,invalid_mobile
Andre Boyd,Andre_Boyd@bryant.info,1973/01/25,2592423,invalid_mobile
James Knight,James_Knight@stein-mendoza.info,07/10/1964,86921,invalid_mobile
Andrew Lee,Andrew_Lee@moore-love.com,01-11-1981,1923741,invalid_mobile
David Clay MD,David_Clay@terry-morris.net,03/05/2018,5449774,invalid_mobile;below_18
Craig Mitchell,Craig_Mitchell@foster-johnson.com,2006-06-07,73048895,below_18
Scott Schroeder,Scott_Schroeder@house.com,1967-04-13,3209732,invalid_mobile
Kathleen Gallagher DVM,Kathleen_Gallagher@lynch.net,05/27/2016,8763035,invalid_mobile;below_18
Benjamin Davis,Benjamin_Davis@stanton.com,16-01-1999,66021,invalid_mobile
Luis Mathis,Luis_Mathis@norris.com,1958-08-05,46776,invalid_mobile
Rachel Thomas,Rachel_Thomas@rangel.com,1953-06-12,34301,invalid_mobile
Erin Henry,Erin_Henry@hester.com,02-03-2002,483099,invalid_mobile
Katie Parker,Katie_Parker@wilson-henry.biz,24-11-1981,707769,invalid_mobile
Melissa Robinson,Melissa_Robinson@jackson.net,01/08/2001,294459,invalid_mobile
Nicole Jones,Nicole_Jones@smith.com,07-08-1993,5026750,invalid_mobile
James Baker,James_Baker@ramirez.com,2002-03-28,33356,invalid_mobile
Amanda Hopkins,Amanda_Hopkins@davis.com,1970/06/05,41586,invalid_mobile
Eric Rodriguez,Eric_Rodriguez@harris-little.biz,1961-08-03,8302799,invalid_mobile
Rebecca Gallagher MD,Rebecca_Gallagher@miller-carter.org,09/16/1967,4859 5111,invalid_mobile
Paul Daniels,Paul_Daniels@harris-matthews.info,2015/08/02,79267879,below_18
Stephanie Green,Stephanie_Green@berry-williams.net,01/01/1974,45771,invalid_mobile
Beth Stone,Beth_Stone@nguyen-alvarez.com,31-03-1990,4103408,invalid_mobile
Paul King,Paul_King@humphrey-castaneda.com,1985-07-25,5578210,invalid_mobile
Lauren Kelly,Lauren_Kelly@fox.com,28-03-2014,90667583,below_18
Laura Pierce,Laura_Pierce@graves-sanchez.com,19-09-1975,5761036,invalid_mobile
Sarah Chandler,Sarah_Chandler@hodge-garza.com,05/12/1961,86376,invalid_mobile
Denise Miller,Denise_Miller@williams-johnson.com,26-08-2015,18049735,below_18
Randy Moyer,Randy_Moyer@jennings-brown.com,06/17/2003,3295 8939,invalid_mobile
Megan Perry,Megan_Perry@wilkinson-miller.com,01-09-1994,357879,invalid_mobile
David Weber,David_Weber@green.net,05/22/1966,459531,invalid_mobile
Michael Hoffman,Michael_Hoffman@morrow.com,1978-11-11,36611,invalid_mobile
Amy Townsend,Amy_Townsend@shields.com,1995-06-23,41826,invalid_mobile
Martin Larson,Martin_Larson@rodriguez-glover.info,2001/01/16,1816949,invalid_mobile
Savannah Hampton,Savannah_Hampton@michael.org,1973-02-15,4997210,invalid_mobile
Amanda Chavez,Amanda_Chavez@henry.biz,18-10-1984,521403,invalid_mobile
Tina Campos,Tina_Campos@taylor-collins.com,01/26/1998,708819,invalid_mobile
Mark Johnson,Mark_Johnson@woods-benitez.info,29-01-2002,710571,invalid_mobile
Emily Kramer,Emily_Kramer@wallace.com,1982/03/18,728919,invalid_mobile
Scott Jackson,Scott_Jackson@evans.com,1989/05/14,52126,invalid_mobile
Kayla Stanley,Kayla_Stanley@williams.com,01-01-1959,6075784,invalid_mobile
Heather Combs,Heather_Combs@powell.com,04/28/1959,1851 8647,invalid_mobile
Samantha Watson,Samantha_Watson@bryant.com,1998/07/16,344691,invalid_mobile
John Taylor,John_Taylor@pierce.com,1980-06-17,64181,invalid_mobile
Kristen Waller,Kristen_Waller@campbell.com,10/21/1955,45451,invalid_mobile
Robert Chang,Robert_Chang@odonnell-mitchell.com,20-12-2015,23696,invalid_mobile;below_18
Elizabeth Berry,Elizabeth_Berry@gross.com,1960-11-12,48236,invalid_mobile
Leslie Estes,Leslie_Estes@torres.com,1978-10-04,478377,invalid_mobile
Austin Ramirez,Austin_Ramirez@young.com,04/06/2001,7669537,invalid_mobile
Stephanie Martinez,Stephanie_Martinez@boone-wilson.net,01-09-1951,794511,invalid_mobile
Jaime Perez,Jaime_Perez@pierce.net,19-08-1958,611913,invalid_mobile
Randy Stone,Randy_Stone@lopez-andrews.com,1991/12/16,8196714,invalid_mobile
Elizabeth Delgado,Elizabeth_Delgado@pena-mcdonald.com,10/01/2006,46356,invalid_mobile;below_18
Anthony Scott,Anthony_Scott@carson.com,1976/09/01,52181,invalid_mobile
Cody Johnson,Cody_Johnson@robinson.info,1960/02/28,5141718,invalid_mobile
Bryan Hall,Bryan_Hall@wang.com,2016-02-05,558609,invalid_mobile;below_18
Nicole Wiggins,Nicole_Wiggins@santiago.com,2002-10-09,229023,invalid_mobile
Kathleen Turner,Kathleen_Turner@wells.com,17-03-2008,23346431,below_18
Joshua Holland,Joshua_Holland@pittman.com,06-03-1950,5411743,invalid_mobile
Jessica Miller,Jessica_Miller@morton.com,06/08/1959,147843,invalid_mobile
Alex Moore,Alex_Moore@santos.net,1994/11/11,5342233,invalid_mobile
Tara Barnes,Tara_Barnes@shepherd.com,08/01/1954,4223 2079,invalid_mobile
Heather Brown,Heather_Brown@wolfe.com,2014/07/15,178077,invalid_mobile;below_18
Michelle Gutierrez PhD,Michelle_Gutierrez@campbell.com,08/11/1998,8047852,invalid_mobile
Tiffany Brown,Tiffany_Brown@wright.com,04/28/1961,536169,invalid_mobile
Alicia Todd,Alicia_Todd@barnett.com,03-07-1967,54896,invalid_mobile
Annette Morris,Annette_Morris@sosa.net,08/26/2009,3860004,invalid_mobile;below_18
Lindsey Hines,Lindsey_Hines@walker.org,1996-01-25,2161706,invalid_mobile
John Harmon,John_Harmon@blake.org,1992-11-16,97461,invalid_mobile
Alexis Williams,Alexis_Williams@miller.com,09/27/2005,3939 4983,invalid_mobile;below_18
Andrea Oliver,Andrea_Oliver@frazier.com,05/05/1956,865773,invalid_mobile
Darrell Smith,Darrell_Smith@crawford.com,1963-07-23,12376,invalid_mobile
Patrick Hendrix,Patrick_Hendrix@jones.com,09/17/2006,8347 9771,invalid_mobile;below_18
Matthew Bruce,Matthew_Bruce@vaughn.com,1970-05-19,14221,invalid_mobile
Jimmy Navarro,Jimmy_Navarro@sharp-lewis.biz,1971/04/22,76241,invalid_mobile
Anthony Friedman,Anthony_Friedman@richards.biz,12/10/1969,7786738,invalid_mobile
Michael Barrett,Michael_Barrett@walters.com,04/06/1966,27486,invalid_mobile
Catherine Taylor,Catherine_Taylor@moore.com,03/29/1973,1991837,invalid_mobile
John Ross,John_Ross@welch.com,1988-10-12,69781,invalid_mobile
Michael Austin,Michael_Austin@gomez.org,08-11-2014,60121,invalid_mobile;below_18
Troy Warren,Troy_Warren@ortiz.net,1954/11/15,25996,invalid_mobile
Alicia Ruiz,Alicia_Ruiz@bowman.com,2012-07-04,22400679,below_18
Dana Santos,Dana_Santos@smith.org,2015-01-27,472911,invalid_mobile;below_18
Christian Porter,Christian_Porter@turner.org,25-10-1959,61421,invalid_mobile
Emily Ramos,Emily_Ramos@burnett-collins.com,12/16/2018,41531,invalid_mobile;below_18
Sergio Hughes,Sergio_Hughes@cardenas.com,03/09/1981,8695 4943,invalid_mobile
Angela Fischer,Angela_Fischer@ball.net,1960/12/25,99016,invalid_mobile
Lance Weaver,Lance_Weaver@olsen-hancock.com,1969/06/07,2962835,invalid_mobile
Dawn Ward,Dawn_Ward@mack-gibson.com,08/24/1991,4952137,invalid_mobile
Norman Simpson,Norman_Simpson@guerrero.net,09-10-1956,54256,invalid_mobile
Suzanne Haas,Suzanne_Haas@hawkins-huang.org,2008-07-18,83586,invalid_mobile;below_18
Lisa Craig,Lisa_Craig@zavala-allen.info,07/17/1988,6034757,invalid_mobile
Joseph Summers,Joseph_Summers@diaz.info,2009-11-27,4188136,invalid_mobile;below_18
Carl Decker,Carl_Decker@morales.info,2012-05-30,73801,invalid_mobile;below_18
Sandra Pollard,Sandra_Pollard@costa.net,2016-03-20,651855,invalid_mobile;below_18
Cameron Nielsen,Cameron_Nielsen@wright.biz,02-11-2000,6402635,invalid_mobile
Frank Jones,Frank_Jones@miranda.com,13-01-1979,682293,invalid_mobile
James Jordan,James_Jordan@taylor.com,23-02-2011,64911,invalid_mobile;below_18
Destiny Rojas,Destiny_Rojas@stanton.com,01/21/1986,2735 1983,invalid_mobile
Lisa Clark,Lisa_Clark@alvarez.com,19-03-2004,682125,invalid_mobile;below_18
Lori Valdez,Lori_Valdez@jordan.org,1973-03-12,502911,invalid_mobile
Danny Lewis,Danny_Lewis@turner.com,12/25/1952,4103 6747,invalid_mobile
Richard Bauer,Richard_Bauer@knight.com,12/27/1957,9979628,invalid_mobile
Alicia Ferrell,Alicia_Ferrell@thomas-hamilton.com,2009/10/04,79701,invalid_mobile;below_18
Grant Hall,Grant_Hall@bowman.com,08/13/1963,714705,invalid_mobile
Elizabeth Hill,Elizabeth_Hill@solis.com,07/20/2008,390153,invalid_mobile;below_18
Jacqueline Brown,Jacqueline_Brown@costa.com,1985-06-03,54441,invalid_mobile
Tiffany Barron,Tiffany_Barron@brown.com,1952/02/22,7810034,invalid_mobile
Mark Bowman,Mark_Bowman@hayes.com,25-04-1963,18606,invalid_mobile
Dr. Shannon Jackson,Shannon_Jackson@kelly.com,1997/01/13,51621,invalid_mobile
Kelly Johnson,Kelly_Johnson@herring-grant.com,30-06-1972,72071,invalid_mobile
Brian Contreras,Brian_Contreras@manning.biz,04/24/1964,9759289,invalid_mobile
John Dixon,John_Dixon@snyder.biz,2002-03-19,9005746,invalid_mobile
Tamara Wilson,Tamara_Wilson@ferguson.com,1956-03-17,207585,invalid_mobile
Christina Bishop,Christina_Bishop@brown.com,05/30/1961,99691,invalid_mobile
Jennifer Smith,Jennifer_Smith@peterson.com,1997/12/11,19411,invalid_mobile
Denise Clark,Denise_Clark@banks.com,25-06-1955,1112392,invalid_mobile
Ms. Angela Peterson MD,Angela_Peterson@gay-gibson.info,2008/10/25,20031,invalid_mobile;below_18
Amy Mills,Amy_Mills@davis-spencer.com,04/22/1988,284361,invalid_mobile
Stephanie Spears,Stephanie_Spears@shaw.com,04/05/2014,2621249,invalid_mobile;below_18
Alexandra Lawrence,Alexandra_Lawrence@anderson.com,11/21/2001,966027,invalid_mobile
Joe Powell,Joe_Powell@baldwin.org,07/20/1956,523077,invalid_mobile
Matthew Diaz,Matthew_Diaz@arnold-parker.com,18-07-1973,369663,invalid_mobile
Joshua Sanchez,Joshua_Sanchez@hamilton-mckee.com,1954-04-21,51626,invalid_mobile
Joseph Herring,Joseph_Herring@stewart-davidson.com,2013-08-27,92851,invalid_mobile;below_18
Billy Riley,Billy_Riley@mcgee.org,10/21/1963,3434222,invalid_mobile
Cheryl Crosby,Cheryl_Crosby@bowman-potter.com,09/30/1958,5403 2091,invalid_mobile
Jeanne Brown,Jeanne_Brown@gardner.com,1974/06/29,7995870,invalid_mobile
Rebecca Clarke,Rebecca_Clarke@lindsey-walker.com,03/30/1960,17741,invalid_mobile
Derek Wolf,Derek_Wolf@hill.biz,06/18/2003,6311 3543,invalid_mobile
Dr. Courtney Copeland DVM,Courtney_Copeland@massey-grimes.com,1964/09/02,7585243,invalid_mobile
Kevin Boyd,Kevin_Boyd@matthews-barber.com,03-04-2011,17321,invalid_mobile;below_18
Christopher Harrell,Christopher_Harrell@carter.org,1995-02-17,4088071,invalid_mobile
Terri Schultz,Terri_Schultz@porter.com,05-01-2006,46756,invalid_mobile;below_18
Jonathan Brooks,Jonathan_Brooks@craig.info,14-12-1974,82911,invalid_mobile
Tammy Welch,Tammy_Welch@welch-schmidt.com,11/22/1961,83816,invalid_mobile
Jennifer Doyle,Jennifer_Doyle@norman-peters.net,1965/07/07,209145,invalid_mobile
Michelle Moore,Michelle_Moore@campbell.org,1954/08/03,34631,invalid_mobile
Mr. Matthew Bennett,Matthew_Bennett@jones-payne.com,1974/06/20,454557,invalid_mobile
Valerie Bishop,Valerie_Bishop@smith.com,21-12-1981,22646,invalid_mobile
Olivia Moore,Olivia_Moore@fields-haynes.com,1958-10-09,878763,invalid_mobile
Rachel Lynch,Rachel_Lynch@stewart.info,07/30/1975,654999,invalid_mobile
Victoria Carroll,Victoria_Carroll@rasmussen.net,01-08-1984,902871,invalid_mobile
Richard Duffy,Richard_Duffy@wilkerson-morrow.com,1957/10/01,9010016,invalid_mobile
Harold Rowe,Harold_Rowe@jarvis.info,1950-09-10,1615566,invalid_mobile
Jasmine Bailey,Jasmine_Bailey@howard-thomas.info,06/10/2005,618669,invalid_mobile;below_18
Victoria Goodman,Victoria_Goodman@carney.com,1985-03-16,332739,invalid_mobile
Christopher Frost,Christopher_Frost@frost.biz,1972/08/26,63876,invalid_mobile
Michael Larsen,Michael_Larsen@salazar.biz,2012/08/03,97036103,below_18
Robert Coffey,Robert_Coffey@schmidt.com,1978/10/23,26416,invalid_mobile
Jared Garrison,Jared_Garrison@gonzales.com,06/10/1973,358869,invalid_mobile
Susan Burton,Susan_Burton@james.org,2000-02-08,6635161,invalid_mobile
Bryan Patton,Bryan_Patton@silva.com,04/24/2014,87436,invalid_mobile;below_18
Mr. Kyle Burns,Kyle_Burns@miller-davis.info,19-10-2016,970617,invalid_mobile;below_18
Jeremy Davis,Jeremy_Davis@nelson.com,2015/10/23,31856,invalid_mobile;below_18
Kevin Bryant,Kevin_Bryant@parker-jimenez.info,2008/12/24,7332613,invalid_mobile;below_18
James Harrington,James_Harrington@miller.com,1954-11-08,90806,invalid_mobile
Christina Weaver,Christina_Weaver@hardin.com,25-05-1993,99136,invalid_mobile
Robert Kennedy,Robert_Kennedy@dunn.com,1991-05-23,14971,invalid_mobile
Richard Jarvis,Richard_Jarvis@aguirre.info,1996/11/01,83631,invalid_mobile
Aaron Ford,Aaron_Ford@davis.com,16-05-1954,992859,invalid_mobile
Donna Franklin,Donna_Franklin@potter-mcintyre.biz,1968-08-25,83421,invalid_mobile
Angela Martinez,Angela_Martinez@peterson-wheeler.org,01/22/2007,87006,invalid_mobile;below_18
Michael Anderson,Michael_Anderson@haynes.biz,1998-03-14,69571,invalid_mobile
Charles Stevens,Charles_Stevens@evans-hanson.com,1993/03/14,71906,invalid_mobile
Melanie Francis,Melanie_Francis@ryan-bradshaw.net,03/02/1990,121263,invalid_mobile
Annette Johnston,Annette_Johnston@madden.biz,1993/12/20,74716,invalid_mobile
Laura Jones,Laura_Jones@brooks.net,1987-09-20,115899,invalid_mobile
Brianna Parks,Brianna_Parks@alvarez.biz,04-08-2007,906369,invalid_mobile;below_18
Mario Henderson,Mario_Henderson@stephens.biz,1986-08-26,5709110,invalid_mobile
Rachel Garcia,Rachel_Garcia@marsh-harvey.org,1970/10/22,453969,invalid_mobile
Taylor Evans,Taylor_Evans@rose-morris.com,07/22/1973,636459,invalid_mobile
Denise Olson,Denise_Olson@jones-chapman.com,1955/06/20,833727,invalid_mobile
Jenna Odom,Jenna_Odom@gaines.biz,02-07-1977,461049,invalid_mobile
Jennifer Parker,Jennifer_Parker@leon.com,2003-06-21,57921,invalid_mobile
Melissa Haynes,Melissa_Haynes@blanchard.com,2006-03-27,9342824,invalid_mobile;below_18
Dr. Terry Martinez,Terry_Martinez@sandoval.info,24-08-1979,49526,invalid_mobile
Daniel Mitchell,Daniel_Mitchell@kelly.com,1991/08/07,8521101,invalid_mobile
Steven Williams MD,Steven_Williams@carr.com,2014-12-25,534321,invalid_mobile;below_18
Nicholas White,Nicholas_White@smith-elliott.com,03/01/1974,844203,invalid_mobile
Robert Le,Robert_Le@norris-strickland.org,1950/03/23,9075088,invalid_mobile
William Daniels,William_Daniels@williams.com,05-09-2004,6178159,invalid_mobile;below_18
Anthony Hoffman,Anthony_Hoffman@johnson.net,1993-08-22,93206,invalid_mobile
Jessica Smith,Jessica_Smith@galloway.com,2004-06-29,11145663,below_18
Charles Martinez,Charles_Martinez@gonzales.org,1978/09/18,970215,invalid_mobile
Cynthia Oconnor,Cynthia_Oconnor@miller-jones.com,1981/09/23,2197105,invalid_mobile
Wesley Williams,Wesley_Williams@parker-schmidt.com,04/01/1988,49616,invalid_mobile
Keith Wheeler,Keith_Wheeler@cook-cole.com,1958-06-20,97401,invalid_mobile
Anna Lopez,Anna_Lopez@armstrong-tucker.com,08/13/2017,6295269,invalid_mobile;below_18
Alice Wallace,Alice_Wallace@woods.com,10/30/1987,907875,invalid_mobile
David Barry,David_Barry@lindsey-meyer.com,13-05-2013,610437,invalid_mobile;below_18
Crystal Anderson,Crystal_Anderson@gonzales-thompson.com,2017-01-31,99551,invalid_mobile;below_18
Charles Walters,Charles_Walters@rose.info,1968/08/31,9536745,invalid_mobile
Amy Hall,Amy_Hall@garrett-lutz.com,06/28/1983,70871,invalid_mobile
Daniel Allison,Daniel_Allison@sanchez.net,27-12-1979,522783,invalid_mobile
Monica Rogers,Monica_Rogers@travis.org,06-04-2006,54576983,below_18
Lisa Brennan,Lisa_Brennan@white-gutierrez.org,1974-12-23,958647,invalid_mobile
Hector Adams,Hector_Adams@wood.com,11/04/1988,90176,invalid_mobile
Peter Sanders,Peter_Sanders@cook-jackson.biz,1970-03-30,399357,invalid_mobile
Yvonne Coleman,Yvonne_Coleman@hood.com,05/19/1985,5295711,invalid_mobile
Charles Miller,Charles_Miller@daniel-pugh.org,2004/06/16,56397471,below_18
Mathew Harmon,Mathew_Harmon@wheeler-stewart.com,1954-12-24,13456,invalid_mobile
Heather Collins,Heather_Collins@freeman-taylor.org,04-11-1965,861249,invalid_mobile
Anne Mccullough,Anne_Mccullough@blake.com,03/11/2005,541407,invalid_mobile;below_18
Stephen Brown,Stephen_Brown@johnson.org,1989/11/05,381537,invalid_mobile
Mark Morales,Mark_Morales@adams-tyler.com,24-06-1985,618219,invalid_mobile
Michelle Stone,Michelle_Stone@williamson-gray.com,1968-09-20,890823,invalid_mobile
Catherine Scott,Catherine_Scott@robinson.info,1984-10-15,81676,invalid_mobile
Robert Dyer,Robert_Dyer@watson.com,13-10-1977,2948044,invalid_mobile
Danielle Miller DVM,Danielle_Miller@matthews.com,1952-06-25,3812264,invalid_mobile
Natalie Gentry,Natalie_Gentry@bates.com,2018-09-23,17206,invalid_mobile;below_18
Mark Martinez,Mark_Martinez@horton.net,2000/04/14,292245,invalid_mobile
Margaret Baird,Margaret_Baird@tucker.com,1962-07-28,21716,invalid_mobile
Jennifer Miller,Jennifer_Miller@hodge-hood.com,1979-10-28,5376099,invalid_mobile
Stephanie Salinas,Stephanie_Salinas@evans.com,1966/08/10,4237332,invalid_mobile
Jesse Duarte,Jesse_Duarte@johnson-davis.biz,1989/10/17,560589,invalid_mobile
Tammy Williams,Tammy_Williams@thomas.com,28-03-1963,95456,invalid_mobile
Jay Lynch,Jay_Lynch@meyers-ellis.net,1960-12-27,1251405,invalid_mobile
Adam Thompson,Adam_Thompson@garner.com,1963-02-04,12581,invalid_mobile
Chad Clark,Chad_Clark@hodges.com,09/19/1961,5427 7383,invalid_mobile
Tony Lester,Tony_Lester@osborne-wilkins.com,01-07-2018,119667,invalid_mobile;below_18
Javier Moss,Javier_Moss@santana.com,1973-09-13,38161,invalid_mobile
Ronald Owens,Ronald_Owens@burke.info,05/26/1996,12311,invalid_mobile
Jennifer Lewis,Jennifer_Lewis@hale.com,1962/01/14,32676,invalid_mobile
Jennifer Goodwin,Jennifer_Goodwin@santos-mathis.com,1968-01-11,6945240,invalid_mobile
Erik Delgado,Erik_Delgado@vazquez.com,08/18/1988,24026,invalid_mobile
Paul Reid,Paul_Reid@manning.com,1999/02/05,7628671,invalid_mobile
Thomas Bryant,Thomas_Bryant@shannon.net,2010/04/09,8698831,invalid_mobile;below_18
Marvin Wood,Marvin_Wood@nguyen.net,1959/01/09,712947,invalid_mobile
Zachary Gordon,Zachary_Gordon@banks.com,04/10/1998,6231723,invalid_mobile
Eric Becker,Eric_Becker@smith.com,1995-12-27,559149,invalid_mobile
Jason Greene,Jason_Greene@murray-jenkins.com,2018/08/19,2865346,invalid_mobile;below_18
Thomas Davis,Thomas_Davis@king.net,2001-11-25,664479,invalid_mobile
Kimberly Duncan,Kimberly_Duncan@hall.org,1987/10/09,98556,invalid_mobile
Samantha Smith,Samantha_Smith@ortega-nielsen.com,16-12-1980,74866,invalid_mobile
Thomas Rogers,Thomas_Rogers@banks-perkins.net,08/19/1997,3607 2875,invalid_mobile
Ryan Hammond,Ryan_Hammond@simpson-torres.com,1960/11/23,9762950,invalid_mobile
Jillian Smith,Jillian_Smith@mckinney.com,1972/09/30,732549,invalid_mobile
Charles Harris MD,Charles_Harris@romero.com,10/01/2005,687597,invalid_mobile;below_18
Jenny Lewis,Jenny_Lewis@flores.com,07/06/1997,6247 5987,invalid_mobile
Ian Park,Ian_Park@acevedo-chapman.org,10/17/1977,625149,invalid_mobile
David Guzman,David_Guzman@ray.net,2018-02-07,3298254,invalid_mobile;below_18
Pamela Dillon,Pamela_Dillon@durham.info,1972/10/04,14431,invalid_mobile
Kimberly Leblanc,Kimberly_Leblanc@webb-thomas.info,12-09-1997,952305,invalid_mobile
Megan Smith,Megan_Smith@davidson.org,09/30/2008,158313,invalid_mobile;below_18
Ronald Costa,Ronald_Costa@carter.org,1985/04/19,1159831,invalid_mobile
Abigail Allen,Abigail_Allen@melendez-jordan.com,1999/02/02,4535525,invalid_mobile
Kenneth Sims,Kenneth_Sims@williams.com,09-06-1990,699015,invalid_mobile
Lisa Mendez,Lisa_Mendez@jones.net,03/26/1972,823023,invalid_mobile
Eric Brown,Eric_Brown@smith.biz,2017/03/08,24672431,below_18
Kristi Cobb,Kristi_Cobb@evans-hall.com,1960/09/06,55501,invalid_mobile
Anne Macdonald PhD,Anne_Macdonald@baker-owens.org,2001/10/11,8666568,invalid_mobile
Lauren Parker,Lauren_Parker@walker.com,06/20/1988,4061716,invalid_mobile
Christine Miles,Christine_Miles@patel.com,1962/04/07,648147,invalid_mobile
Amanda Bowers,Amanda_Bowers@parrish.com,1976/08/24,18341,invalid_mobile
Sean Conway,Sean_Conway@barnes-lee.net,1973-03-29,41061,invalid_mobile
Julia Murphy,Julia_Murphy@burke.com,17-08-1985,775485,invalid_mobile
James Gray,James_Gray@crane.com,1975/10/14,698805,invalid_mobile
Stephanie Gray,Stephanie_Gray@kelly.info,10/07/2003,1326970,invalid_mobile
Ronald Baird,Ronald_Baird@garcia.biz,21-10-1998,875883,invalid_mobile
Christopher Cochran,Christopher_Cochran@williams.com,1979-11-25,94696,invalid_mobile
Kyle Torres,Kyle_Torres@peters.com,1985-07-20,456495,invalid_mobile
William Oconnor,William_Oconnor@johnson-ponce.com,2016-06-27,818787,invalid_mobile;below_18
Caleb Kelly,Caleb_Kelly@gomez.net,08/03/2009,6423 4299,invalid_mobile;below_18
Rachael Garcia,Rachael_Garcia@padilla.com,06/21/1986,1139587,invalid_mobile
Brandon Weber,Brandon_Weber@harmon.com,1992-02-14,58741,invalid_mobile
Thomas Hoover,Thomas_Hoover@schroeder.com,08/24/2004,398055,invalid_mobile;below_18
Michelle Jimenez,Michelle_Jimenez@hartman.com,07/25/1982,939279,invalid_mobile
Rebecca Davis,Rebecca_Davis@abbott.com,2011-10-20,84764295,below_18
Miranda Flynn,Miranda_Flynn@lee.com,05/14/1964,257685,invalid_mobile
Jennifer Perez,Jennifer_Perez@olsen.com,10/30/1976,622833,invalid_mobile
James Newton,James_Newton@jimenez.biz,10-08-2004,84097639,below_18
Peter Hernandez,Peter_Hernandez@stewart.info,03/31/1964,1291494,invalid_mobile
Nicholas Combs,Nicholas_Combs@walker.com,1967/12/31,6877165,invalid_mobile
Karen Wilson,Karen_Wilson@brown.org,01-02-2006,327375,invalid_mobile;below_18
Jenna Campbell,Jenna_Campbell@brady.com,1955/08/19,807951,invalid_mobile
Michelle Melendez,Michelle_Melendez@white.com,06/03/1988,71656,invalid_mobile
Andrew Gallagher,Andrew_Gallagher@frank.org,09/21/1960,1991 9923,invalid_mobile
Laura Ross,Laura_Ross@harris.com,1964-11-20,840411,invalid_mobile
Teresa Lindsey,Teresa_Lindsey@harvey.com,01-07-1967,7671098,invalid_mobile
Robert Jackson,Robert_Jackson@thomas.biz,04/09/1968,629799,invalid_mobile
John Norman,John_Norman@morris.com,05-06-1983,7819953,invalid_mobile
Alicia Anderson,Alicia_Anderson@hall.com,05/23/2013,1887 6547,invalid_mobile;below_18
Jason Chang,Jason_Chang@chambers.com,05/10/1986,533319,invalid_mobile
Laura Gray,Laura_Gray@fletcher.com,06/04/1998,6403090,invalid_mobile
Wanda Long,Wanda_Long@williamson-larsen.info,02/24/2016,49636,invalid_mobile;below_18
Sylvia Koch,Sylvia_Koch@lane.net,06/30/1998,45031,invalid_mobile
Melissa Higgins,Melissa_Higgins@hicks.com,1966-06-06,1210140,invalid_mobile
Eric Glover,Eric_Glover@lewis-welch.com,1964/12/29,764745,invalid_mobile
Daniel Cisneros,Daniel_Cisneros@lara.com,27-05-1983,8492730,invalid_mobile
Emily Graham,Emily_Graham@santos-rivera.biz,11/02/1974,4023 8535,invalid_mobile
Sherri Smith,Sherri_Smith@haas.com,11/28/1954,29016,invalid_mobile
Dr. William Smith,William_Smith@robinson.com,27-10-1963,70571,invalid_mobile
Terri Aguirre,Terri_Aguirre@myers-shepherd.biz,14-07-1984,889899,invalid_mobile
Natalie Haney,Natalie_Haney@buck.com,03-02-1986,180939,invalid_mobile
Casey Holder,Casey_Holder@schultz.com,2016-12-07,9841448,invalid_mobile;below_18
Lisa Duran,Lisa_Duran@page-oneill.com,19-01-2004,294525,invalid_mobile;below_18
David Smith,David_Smith@allen-brown.com,08/25/2005,3003 3195,invalid_mobile;below_18
Emily Andrews,Emily_Andrews@reyes-singh.com,04/27/1955,2059 4859,invalid_mobile
Kyle Harvey,Kyle_Harvey@atkinson.biz,05/30/2006,1443996,invalid_mobile;below_18
Laura Wu,Laura_Wu@watson.org,1985/06/14,232989,invalid_mobile
Elijah Johnson,Elijah_Johnson@meyer.com,2017-05-24,1612374,invalid_mobile;below_18
Brittany Montgomery,Brittany_Montgomery@graham-barr.org,11/17/1973,729975,invalid_mobile
Aaron Mccarthy,Aaron_Mccarthy@villarreal-murphy.net,05/17/1982,7583514,invalid_mobile
Jacqueline Johnston,Jacqueline_Johnston@barr.com,02/20/1985,860493,invalid_mobile
Karen Duncan,Karen_Duncan@vasquez-garcia.com,02/25/1967,3862300,invalid_mobile
Nathan Warren,Nathan_Warren@sparks-guerra.org,04/07/1960,579087,invalid_mobile
Kenneth Brown,Kenneth_Brown@noble-walls.org,1950-09-26,9182433,invalid_mobile
Jill Cain,Jill_Cain@fitzgerald.com,2002/11/11,4744363,invalid_mobile
Robert Martinez,Robert_Martinez@cooper.com,23-11-2011,32312127,below_18
Peter Wilson,Peter_Wilson@jackson-hall.org,09/10/1960,57376,invalid_mobile
Kelsey Wiley,Kelsey_Wiley@barnes.com,11/30/2001,6480713,invalid_mobile
Eric Murray,Eric_Murray@lamb.com,1987-07-31,44121,invalid_mobile
Luke Estrada,Luke_Estrada@winters.info,08-12-2013,52986,invalid_mobile;below_18
Mr. Robert Clark,Robert_Clark@walker-graham.info,04/22/2007,29991,invalid_mobile;below_18
Kimberly Koch,Kimberly_Koch@hughes-fox.org,03/20/2016,5076821,invalid_mobile;below_18
Laura Bailey,Laura_Bailey@snyder.com,08/11/1970,5655 1543,invalid_mobile
Allison Frye,Allison_Frye@medina.com,1975/09/27,7651729,invalid_mobile
Krystal Owens,Krystal_Owens@andrade-garcia.com,1993-04-17,671757,invalid_mobile
Denise Ferguson,Denise_Ferguson@snyder.biz,09/01/2012,91626,invalid_mobile;below_18
Crystal Alexander,Crystal_Alexander@johnson.info,1987-06-20,84096,invalid_mobile
Henry Cummings,Henry_Cummings@guzman.com,2011/07/01,92988543,below_18
Lori Morgan,Lori_Morgan@turner.biz,06/07/1974,7468567,invalid_mobile
Donald Barton,Donald_Barton@ellis.com,07-12-1952,32376,invalid_mobile
Austin Rosales,Austin_Rosales@howe.org,11/16/2001,852015,invalid_mobile
Mrs. Kimberly Preston,Kimberly_Preston@cole.info,14-01-2016,210963,invalid_mobile;below_18
John Hudson,John_Hudson@ayers.com,2014-08-31,85905239,below_18
Don Ryan,Don_Ryan@koch.com,1951/05/29,1728553,invalid_mobile
Sarah Morgan,Sarah_Morgan@nolan.info,2003/02/19,3716056,invalid_mobile
Samuel Patel,Samuel_Patel@villa-johnson.com,30-05-2014,381279,invalid_mobile;below_18
Robert Wilson,Robert_Wilson@fuller.org,1955/03/05,9910566,invalid_mobile
Megan Aguilar,Megan_Aguilar@mitchell.com,1958-01-19,2143128,invalid_mobile
Jonathan Green,Jonathan_Green@weiss.biz,1952/11/28,584649,invalid_mobile
Jacob Tate,Jacob_Tate@nash-cowan.info,04/23/1991,36261,invalid_mobile
Kristine Barker,Kristine_Barker@parrish.com,1975-11-06,51866,invalid_mobile
Cameron Brown,Cameron_Brown@jones-adams.org,03-09-2001,7404076,invalid_mobile
Lauren Taylor,Lauren_Taylor@mccoy.info,08-06-2015,4077221,invalid_mobile;below_18
Paul Ward,Paul_Ward@sanchez-larsen.org,09/08/1955,1911 9523,invalid_mobile
Cynthia Ward,Cynthia_Ward@burns.com,21-03-1968,42746,invalid_mobile
Stephen Roberts,Stephen_Roberts@rodriguez.com,2013/03/15,868311,invalid_mobile;below_18
Victor Rivera,Victor_Rivera@chavez.biz,01-09-2004,4885658,invalid_mobile;below_18
Ryan Olsen,Ryan_Olsen@blankenship.com,2012/04/19,864729,invalid_mobile;below_18
Alejandra Jones,Alejandra_Jones@williams-smith.net,18-09-1968,6885152,invalid_mobile
Cheyenne Miranda,Cheyenne_Miranda@contreras.info,1971/06/01,59901,invalid_mobile
Courtney Maxwell,Courtney_Maxwell@hunt.com,04/14/1975,16416,invalid_mobile
Lindsay Acosta,Lindsay_Acosta@nichols.com,23-03-1988,5642204,invalid_mobile
Michael Middleton,Michael_Middleton@williams-zamora.com,08/04/1981,8511 4431,invalid_mobile
Katrina Perry,Katrina_Perry@frye-keller.com,03/28/1995,897579,invalid_mobile
Bailey Johnson,Bailey_Johnson@brooks.org,2009-12-08,699579,invalid_mobile;below_18
Glenda Woods,Glenda_Woods@williams.biz,10/07/1981,419637,invalid_mobile
Julie Hernandez,Julie_Hernandez@fisher.com,03/23/1971,69296,invalid_mobile
Nicole Kim DVM,Nicole_Kim@schultz-brown.com,02-04-1990,3035068,invalid_mobile
John Benitez,John_Benitez@campbell.com,1967/06/06,374733,invalid_mobile
Dustin Thomas,Dustin_Thomas@tran-rice.biz,06/14/1967,930309,invalid_mobile
Sheri Carter,Sheri_Carter@bryant.com,1956-08-07,505437,invalid_mobile
Ryan Davis,Ryan_Davis@buck.org,1964/03/24,878517,invalid_mobile
Shelby Kaufman,Shelby_Kaufman@weiss.net,2014-10-16,27523551,below_18
Nicole Johnson,Nicole_Johnson@boone.net,1977-04-13,858435,invalid_mobile
Casey Johnston,Casey_Johnston@wood.com,2010/03/29,9740158,invalid_mobile;below_18
Sean Adams,Sean_Adams@brown.com,19-05-1973,5731370,invalid_mobile
Joel Lee MD,Joel_Lee@hurley.com,2003-06-09,9454964,invalid_mobile
Mark Williams,Mark_Williams@watkins.net,14-06-1971,41621,invalid_mobile
Joseph Bartlett,Joseph_Bartlett@campbell.net,1985-06-17,5644605,invalid_mobile
Debra Wilson,Debra_Wilson@patel.org,09/22/1995,189381,invalid_mobile
Jake Davis,Jake_Davis@landry-morgan.net,07/11/2008,6739 9355,invalid_mobile;below_18
Timothy Russell,Timothy_Russell@bird-mclean.net,1995/07/03,549165,invalid_mobile
Steven Hodges,Steven_Hodges@sanchez-phillips.com,09/03/1951,6579 5715,invalid_mobile
Meagan Robinson,Meagan_Robinson@sanchez.net,1951-09-17,133935,invalid_mobile
Scott Sandoval,Scott_Sandoval@campbell.com,10/20/1971,50811,invalid_mobile
Jeremy Hunter,Jeremy_Hunter@alexander-smith.com,11/19/1953,34301,invalid_mobile
Monica Lloyd,Monica_Lloyd@schneider.info,25-02-1961,52106,invalid_mobile
Ryan Scott,Ryan_Scott@wilson.info,2007/02/22,5654706,invalid_mobile;below_18
Heidi Brown,Heidi_Brown@foster-jones.com,06/06/2004,1259 4379,invalid_mobile;below_18
Rebecca Castillo,Rebecca_Castillo@summers-ward.com,1952/02/06,34261,invalid_mobile
Terri Cox,Terri_Cox@swanson.com,11/04/1955,375789,invalid_mobile
Timothy Smith,Timothy_Smith@patton-rose.com,2016/06/16,28316,invalid_mobile;below_18
Molly Coleman,Molly_Coleman@santiago.com,01-06-1981,1441567,invalid_mobile
Katherine Brown,Katherine_Brown@stephens-mckenzie.com,09/07/1959,793929,invalid_mobile
Kyle Dalton,Kyle_Dalton@haley-foster.com,06/04/2007,91866,invalid_mobile;below_18
Haley Oconnor,Haley_Oconnor@crawford.com,2014-09-27,14381,invalid_mobile;below_18
Janet Tate,Janet_Tate@moore-carter.com,12/15/2003,9535387,invalid_mobile
Timothy Collins,Timothy_Collins@browning.info,03/12/1980,138771,invalid_mobile
Michael Marks,Michael_Marks@brown-vargas.net,1968-02-16,99066,invalid_mobile
Maria Day,Maria_Day@miller.info,23-03-2007,76181,invalid_mobile;below_18
Jason Trujillo,Jason_Trujillo@strong.com,1968/05/05,671493,invalid_mobile
Kristin Parker,Kristin_Parker@ramirez.com,08/17/1967,7962459,invalid_mobile
Megan Livingston,Megan_Livingston@perry-castillo.com,1980-07-14,498783,invalid_mobile
Ann Fuentes,Ann_Fuentes@lane.info,05/03/1990,6965176,invalid_mobile
Kathryn Jackson,Kathryn_Jackson@hill.biz,2002/12/23,3857456,invalid_mobile
Mary Galloway,Mary_Galloway@nelson-estrada.biz,2013-03-31,4843791,invalid_mobile;below_18
Lorraine Lee,Lorraine_Lee@wolfe.com,1976-05-12,73736,invalid_mobile
Laura Benjamin,Laura_Benjamin@sloan-blair.org,21-02-1952,164673,invalid_mobile
Jennifer Collier,Jennifer_Collier@fischer.org,08-12-2009,497685,invalid_mobile;below_18
Lisa Ramirez,Lisa_Ramirez@duncan.net,25-10-1986,148737,invalid_mobile
Angel Hill,Angel_Hill@wilson.com,16-09-2013,6452167,invalid_mobile;below_18
Connor Rivas,Connor_Rivas@romero-bryant.com,29-01-1987,342897,invalid_mobile
Mrs. Ashley Carter MD,Ashley_Carter@matthews-terrell.com,06/23/1953,77236,invalid_mobile
William Gay,William_Gay@mendez.com,1978-02-10,506637,invalid_mobile
Joshua Sanchez,Joshua_Sanchez@boyle.info,09-06-1975,46686,invalid_mobile
Nicole Moon,Nicole_Moon@schmidt.com,02/12/1963,6606776,invalid_mobile
Kayla Wilson,Kayla_Wilson@rivera.biz,1963-11-26,7831111,invalid_mobile
Brett Brown,Brett_Brown@mcdaniel.com,1962-04-22,5040603,invalid_mobile
Mr. Thomas Williams,Thomas_Williams@espinoza.net,1978-10-24,6551399,invalid_mobile
Kristin Rosales,Kristin_Rosales@rogers.com,02/26/1993,50381,invalid_mobile
Jennifer Cruz,Jennifer_Cruz@simmons.net,2014-11-24,92301,invalid_mobile;below_18
Amanda Chandler,Amanda_Chandler@stone.net,01-07-1989,963927,invalid_mobile
Taylor Lopez,Taylor_Lopez@mendez.info,1984-12-31,3416715,invalid_mobile
Tyler Jones,Tyler_Jones@hanson-stephens.com,11/29/2012,8799155,invalid_mobile;below_18
Derek Walker,Derek_Walker@brown.com,13-08-2015,589203,invalid_mobile;below_18
Lauren Chase,Lauren_Chase@jenkins.com,1955-03-16,633891,invalid_mobile
Dean Rice,Dean_Rice@swanson.biz,1988/06/28,1194516,invalid_mobile
Brenda Boyer,Brenda_Boyer@wells.com,1982-12-11,57961,invalid_mobile
Melissa Jordan,Melissa_Jordan@lucas-carson.com,12/15/1970,287037,invalid_mobile
Brianna Valentine,Brianna_Valentine@martinez.com,2001-05-03,8602553,invalid_mobile
Richard White,Richard_White@osborne.com,05/31/2005,5523 2275,invalid_mobile;below_18
Steven Paul,Steven_Paul@green.biz,11-09-1983,929295,invalid_mobile
Jessica Peck,Jessica_Peck@martin.net,1951/01/20,8410900,invalid_mobile
Christopher Hughes,Christopher_Hughes@copeland.com,2002/04/25,652203,invalid_mobile
Nancy Rodriguez,Nancy_Rodriguez@bennett.com,02-04-1981,362865,invalid_mobile
Stacy Robles,Stacy_Robles@jones-cross.com,11/02/2002,74166,invalid_mobile
Robert Bray,Robert_Bray@walker.com,11/28/2016,3320150,invalid_mobile;below_18
Mrs. Kelly Schmitt DVM,Kelly_Schmitt@james-aguirre.com,2015-04-18,81157223,below_18
Charles Butler,Charles_Butler@melendez.info,10/20/2002,563649,invalid_mobile
Emily Shaw,Emily_Shaw@jones.org,1976-10-14,98436,invalid_mobile
Anne Dixon,Anne_Dixon@rogers-hudson.com,14-07-1987,183981,invalid_mobile
Joan White,Joan_White@sullivan.net,1994-03-04,6119569,invalid_mobile
Darren Mcfarland,Darren_Mcfarland@thompson-roberts.com,07/10/1977,721875,invalid_mobile
Tammy Lane,Tammy_Lane@wood-davis.com,03/15/2012,78786,invalid_mobile;below_18
Duane Smith,Duane_Smith@schmidt.com,14-02-2000,47411,invalid_mobile
Jeffery Hill,Jeffery_Hill@cook-lloyd.com,12/23/1959,2607 1551,invalid_mobile
Jeremy Miller,Jeremy_Miller@newman.net,12/29/1972,5657744,invalid_mobile
Alexandra Blackwell,Alexandra_Blackwell@mcclain-walsh.org,11/09/1967,8402234,invalid_mobile
Brian Best,Brian_Best@peters.com,1950-12-10,7831566,invalid_mobile
Mary Reynolds,Mary_Reynolds@pierce.biz,2007-11-19,37171047,below_18
Valerie Armstrong,Valerie_Armstrong@anderson.com,2014/03/29,931329,invalid_mobile;below_18
Joseph Gray,Joseph_Gray@mclaughlin.com,2004-08-20,5385612,invalid_mobile;below_18
Jennifer Dominguez,Jennifer_Dominguez@underwood-sawyer.com,1979-06-13,9336104,invalid_mobile
Heather Rodriguez,Heather_Rodriguez@eaton.com,29-11-2006,98696,invalid_mobile;below_18
Curtis Valdez,Curtis_Valdez@summers.com,11/27/1967,9286432,invalid_mobile
Jeffrey Edwards,Jeffrey_Edwards@small.com,02/04/1956,9884785,invalid_mobile
John Schmidt,John_Schmidt@adkins.net,05/24/1973,54366,invalid_mobile
Roberto Adams,Roberto_Adams@lynch.com,10/19/1972,61751,invalid_mobile
Ian Vargas,Ian_Vargas@atkins.info,1955-11-20,4321052,invalid_mobile
Breanna Merritt,Breanna_Merritt@butler.info,2017-02-27,218613,invalid_mobile;below_18
Sherry Smith,Sherry_Smith@brooks.com,1963-08-15,217047,invalid_mobile
Sara Dominguez,Sara_Dominguez@delgado.com,02/20/1986,6911 4407,invalid_mobile
Jessica Bailey,Jessica_Bailey@huynh-rose.com,31-07-1955,5558260,invalid_mobile
Patrick Johns,Patrick_Johns@taylor.com,1968-01-15,77001,invalid_mobile
Timothy Massey,Timothy_Massey@green-williams.com,1986/09/03,428133,invalid_mobile
Yolanda White,Yolanda_White@powell.biz,16-04-1995,97631,invalid_mobile
George Long,George_Long@long-martin.com,1981-07-31,98386,invalid_mobile
Danielle Wilson,Danielle_Wilson@dean.com,12/29/1993,38121,invalid_mobile
Michele Page,Michele_Page@kirby-martin.biz,1959/09/12,9329370,invalid_mobile
Benjamin Smith,Benjamin_Smith@chase.info,24-02-1959,875847,invalid_mobile
Michael Farrell,Michael_Farrell@miller-snyder.com,1987/01/14,65366,invalid_mobile
Richard Gibson,Richard_Gibson@calhoun.org,1952/02/10,98861,invalid_mobile
Stephanie Chambers,Stephanie_Chambers@park-hendrix.info,03-04-1979,9500527,invalid_mobile
Daniel Rice,Daniel_Rice@bell.com,12-06-1957,415359,invalid_mobile
Ashley Chase,Ashley_Chase@owen-gillespie.com,26-11-1982,733761,invalid_mobile
Carlos Rangel,Carlos_Rangel@long-wilson.biz,1983/12/24,17181,invalid_mobile
Lindsey Castillo,Lindsey_Castillo@white.com,2004-10-16,30681,invalid_mobile;below_18
Scott Johnson,Scott_Johnson@sawyer-hood.info,1988/09/18,14521,invalid_mobile
Sharon Hicks,Sharon_Hicks@mcintosh-hart.com,1965/01/29,1689710,invalid_mobile
Ashlee Oconnell,Ashlee_Oconnell@mann.com,1997-05-06,92516,invalid_mobile
Amy Parker,Amy_Parker@mclaughlin-kent.com,11/17/1956,99836,invalid_mobile
John Wright,John_Wright@kim.org,1960-03-09,184065,invalid_mobile
Denise Davis,Denise_Davis@hogan.net,12-04-2012,8625184,invalid_mobile;below_18
Beth Peck,Beth_Peck@smith.info,11/22/2000,963183,invalid_mobile
Stacey Reed,Stacey_Reed@molina-harper.net,04-02-1990,53126,invalid_mobile
Christine Scott,Christine_Scott@miller.com,1974/09/02,80791,invalid_mobile
Crystal Stout,Crystal_Stout@garcia.com,2016/04/25,737439,invalid_mobile;below_18
Matthew Lyons,Matthew_Lyons@sullivan.info,02/27/1951,30961,invalid_mobile
Ann Wolf,Ann_Wolf@wilkins.com,11/12/1980,2691 6187,invalid_mobile
Colleen Davis,Colleen_Davis@taylor.com,2008/06/29,3336341,invalid_mobile;below_18
Shannon Miller,Shannon_Miller@holloway.com,2017/03/15,189153,invalid_mobile;below_18
Yvonne Kirk,Yvonne_Kirk@morris.biz,1966-07-28,1550991,invalid_mobile
Daniel Johnson,Daniel_Johnson@alvarez.com,06/01/1967,343311,invalid_mobile
Alexander Stewart,Alexander_Stewart@santos.com,2007-07-25,244815,invalid_mobile;below_18
Linda Gibson,Linda_Gibson@roberts.com,1983/01/15,350295,invalid_mobile
Andrew Brewer,Andrew_Brewer@green.info,1991-08-10,655509,invalid_mobile
Lisa Hooper,Lisa_Hooper@carroll-holt.org,2003-01-04,890391,invalid_mobile
Ashley Montes,Ashley_Montes@pace.com,09/23/1978,813975,invalid_mobile
Margaret Medina,Margaret_Medina@stewart.info,04/29/1954,543801,invalid_mobile
Ian Thomas,Ian_Thomas@montgomery-snyder.com,07-06-1995,4465973,invalid_mobile
Victoria Jones,Victoria_Jones@camacho.org,03/10/1981,6071 5727,invalid_mobile
Mark Frederick,Mark_Frederick@freeman-jackson.com,11-01-1999,40081,invalid_mobile
Joshua Atkinson,Joshua_Atkinson@salazar.com,1993/10/24,266391,invalid_mobile
Russell Coleman,Russell_Coleman@reid-miller.net,12/23/1985,8075565,invalid_mobile
Michelle Roberts,Michelle_Roberts@salazar-mccann.org,31-10-1963,343155,invalid_mobile
Dan Reynolds,Dan_Reynolds@hendrix-english.net,1977-05-07,4379404,invalid_mobile
Tim Robinson,Tim_Robinson@grimes.net,05/16/1972,639711,invalid_mobile
Shawn Sanders,Shawn_Sanders@gutierrez.info,1956-06-03,61271,invalid_mobile
Carol White,Carol_White@flores-kim.com,18-07-1978,25291,invalid_mobile
Dawn Clark,Dawn_Clark@ibarra.net,14-12-1971,484455,invalid_mobile
Francisco Vasquez,Francisco_Vasquez@moreno-sheppard.com,29-07-1970,70171,invalid_mobile
Cristian Kelley,Cristian_Kelley@taylor-colon.net,01/08/1951,2227 2647,invalid_mobile
William Brown,William_Brown@ross.com,2014/09/28,32566,invalid_mobile;below_18
Ashley Davidson,Ashley_Davidson@gaines.org,10/31/2009,70886,invalid_mobile;below_18
Audrey Wilson,Audrey_Wilson@alexander-martinez.com,26-01-1967,871611,invalid_mobile
Joseph Long,Joseph_Long@williams.net,1988-10-24,2899289,invalid_mobile
John Smith,John_Smith@butler.com,1989/12/13,5249742,invalid_mobile
Jeffrey Turner,Jeffrey_Turner@robinson.com,01/12/1984,3015 2387,invalid_mobile
John Sloan,John_Sloan@henderson.com,21-12-2010,99716,invalid_mobile;below_18
Linda Evans,Linda_Evans@stokes-novak.com,09-03-1971,28941,invalid_mobile
Tammy Brown,Tammy_Brown@bright.com,1980-03-29,16491,invalid_mobile
Jesse Perry,Jesse_Perry@marsh.net,10/13/1969,4547 1479,invalid_mobile
Ricardo Cruz,Ricardo_Cruz@salazar-manning.com,02/05/1978,8343 6279,invalid_mobile
Mary Stevens,Mary_Stevens@cummings-caldwell.com,09/23/1953,2447915,invalid_mobile
Wendy Grimes,Wendy_Grimes@williams.com,11/09/2014,185025,invalid_mobile;below_18
Anthony Howe,Anthony_Howe@waters.com,1978-12-01,461925,invalid_mobile
Collin Velazquez,Collin_Velazquez@craig-whitaker.com,30-12-1960,35086,invalid_mobile
Michael Dudley,Michael_Dudley@wilkerson.com,04/10/2002,81161,invalid_mobile
Michelle Guzman,Michelle_Guzman@mccarthy.biz,16-05-2000,844911,invalid_mobile
Kevin Benitez,Kevin_Benitez@edwards.net,2013-11-18,19746447,below_18
Amanda Nichols,Amanda_Nichols@owens.info,1995-09-28,747699,invalid_mobile
Marcus Villarreal,Marcus_Villarreal@parsons-rogers.info,12/28/1956,2519 9927,invalid_mobile
Jessica Fleming,Jessica_Fleming@green.com,28-05-2012,17299023,below_18
Keith Avila MD,Keith_Avila@cole.com,07/15/1978,96281,invalid_mobile
Kelly Lopez,Kelly_Lopez@shelton.com,11/04/2016,407565,invalid_mobile;below_18
Natasha Lee,Natasha_Lee@aguilar.com,25-06-1950,168717,invalid_mobile
Shane Gonzales,Shane_Gonzales@reid.biz,06/17/2016,88971,invalid_mobile;below_18
Jill Brown,Jill_Brown@anderson.com,15-12-1979,15981,invalid_mobile
Nicole Jacobs,Nicole_Jacobs@alexander.biz,11/13/1980,26026,invalid_mobile
Tanya Harris,Tanya_Harris@ponce.info,09/11/1951,43711,invalid_mobile
Diane Mcgee,Diane_Mcgee@martinez.com,1961-05-25,67266,invalid_mobile
Aaron Salas,Aaron_Salas@baldwin.com,1987/11/21,81321,invalid_mobile
Angela Humphrey PhD,Angela_Humphrey@brown-watson.com,17-07-1966,47696,invalid_mobile
Teresa Flynn,Teresa_Flynn@jimenez.net,06-05-1982,470907,invalid_mobile
Patrick Powell,Patrick_Powell@ballard.info,17-01-1957,51691,invalid_mobile
David Brock,David_Brock@buchanan-fernandez.info,2005-12-10,12572831,below_18
Mr. James Roach DDS,James_Roach@wheeler-bailey.org,10/28/1953,8710129,invalid_mobile
Tanya Le,Tanya_Le@terry-zimmerman.biz,1974-09-17,405807,invalid_mobile
Joshua Martinez,Joshua_Martinez@sellers.com,30-04-1987,5534593,invalid_mobile
Justin Perez,Justin_Perez@baker-downs.com,30-12-1993,718377,invalid_mobile
Cristina Martin,Cristina_Martin@bradley-gould.com,19-03-1994,70356,invalid_mobile
Steven Campbell,Steven_Campbell@erickson.com,09/28/1995,33061,invalid_mobile
John Johnson,John_Johnson@gilmore.net,09/05/1953,1254296,invalid_mobile
Jesse Garcia,Jesse_Garcia@taylor-cole.com,10/13/1973,2878667,invalid_mobile
Joseph Nguyen,Joseph_Nguyen@simmons.info,29-07-1991,6905067,invalid_mobile
Tabitha Kim,Tabitha_Kim@clark.com,1960/04/30,4658284,invalid_mobile
Jonathan Jones,Jonathan_Jones@williams.org,04/10/2010,879951,invalid_mobile;below_18
Amy Reeves,Amy_Reeves@jacobson-davis.info,2008-04-17,4749137,invalid_mobile;below_18
Allison Guzman,Allison_Guzman@jackson-frazier.com,22-01-1989,1712096,invalid_mobile
Stephanie Anderson,Stephanie_Anderson@williamson.com,1966-01-02,78181,invalid_mobile
Ronald Hansen,Ronald_Hansen@schroeder.com,12/24/2009,1387 6815,invalid_mobile;below_18
Melissa Riley,Melissa_Riley@murray.biz,08/18/1965,2387 9991,invalid_mobile
Dustin Roy,Dustin_Roy@jones.info,09/20/1970,15086,invalid_mobile
Madeline Gibson,Madeline_Gibson@brandt.com,03/12/2006,208971,invalid_mobile;below_18
Dawn Mendoza,Dawn_Mendoza@meyers.biz,07-04-1977,778971,invalid_mobile
Blake Davis,Blake_Davis@berry-lowe.com,1958/09/12,1255486,invalid_mobile
Julie Bond,Julie_Bond@nichols.info,1988-09-17,310107,invalid_mobile
Zachary Young,Zachary_Young@parker-hunt.biz,1960-10-18,390789,invalid_mobile
Hector Johnson,Hector_Johnson@pena.com,05-05-1978,797337,invalid_mobile
Lindsey Briggs,Lindsey_Briggs@schneider.com,1997/04/14,544623,invalid_mobile
Jill Garcia,Jill_Garcia@bowman-johnson.info,1984/07/25,3571226,invalid_mobile
Natasha Sullivan,Natasha_Sullivan@davis.org,03/17/1980,828183,invalid_mobile
Adam Carter,Adam_Carter@grant.info,1983-05-08,9994538,invalid_mobile
Lindsey Arias,Lindsey_Arias@burton-madden.com,1966/12/17,31051,invalid_mobile
Mary Gordon,Mary_Gordon@george.com,1970-11-27,69121,invalid_mobile
Craig Nelson,Craig_Nelson@edwards.com,2007-06-13,53196,invalid_mobile;below_18
Jason Jones,Jason_Jones@heath.net,1968-06-20,79506,invalid_mobile
Matthew Hammond,Matthew_Hammond@leon-george.info,01/22/1958,648693,invalid_mobile
Michelle Davis,Michelle_Davis@morris-walters.com,15-09-1975,58601,invalid_mobile
Carrie Burnett,Carrie_Burnett@jackson-richardson.com,02-11-1988,76876,invalid_mobile
Julia Lucas,Julia_Lucas@fowler.com,1959/05/22,2514947,invalid_mobile
Thomas Moore,Thomas_Moore@simpson.org,1955/02/05,3247728,invalid_mobile
Christine Delacruz,Christine_Delacruz@jordan-buckley.info,04-12-1955,152001,invalid_mobile
Robert Goodman,Robert_Goodman@johnson.com,1963/02/17,345153,invalid_mobile
Michael Carrillo,Michael_Carrillo@valentine-medina.biz,04/06/2000,513525,invalid_mobile
Timothy Manning,Timothy_Manning@church-chang.com,09/08/2008,9011 7723,invalid_mobile;below_18
James Riley,James_Riley@jenkins.com,1981-12-22,7627971,invalid_mobile
Jennifer Cook,Jennifer_Cook@sandoval.com,2005/09/08,941967,invalid_mobile;below_18
Pamela Baker,Pamela_Baker@smith.biz,2015/02/14,2085315,invalid_mobile;below_18
Donna Lawson,Donna_Lawson@schultz-smith.com,1965-12-12,62051,invalid_mobile
Blake Murphy,Blake_Murphy@ramirez.com,1986/01/31,1944734,invalid_mobile
James Taylor,James_Taylor@lowe.biz,05/17/1953,733509,invalid_mobile
Raymond Fleming,Raymond_Fleming@myers-jackson.info,24-12-1974,705291,invalid_mobile
Scott Rowe,Scott_Rowe@brown.com,2017-11-03,882471,invalid_mobile;below_18
Angela Jones,Angela_Jones@horton-richardson.biz,2016-03-23,357537,invalid_mobile;below_18
Martin Kelly,Martin_Kelly@olson.info,1954-05-21,464835,invalid_mobile
Benjamin Morgan,Benjamin_Morgan@holden.com,1987-11-20,9633821,invalid_mobile
Cynthia Conway,Cynthia_Conway@jackson.com,03/28/2017,60801,invalid_mobile;below_18
Eric Phillips,Eric_Phillips@allen.com,2006-07-30,8030639,invalid_mobile;below_18
Michael Reynolds,Michael_Reynolds@adams-harris.com,1963-05-15,5258800,invalid_mobile
Mark Brennan,Mark_Brennan@simpson.com,1973-01-16,37451,invalid_mobile
Taylor Delacruz,Taylor_Delacruz@blankenship-dean.biz,2011-08-05,699645,invalid_mobile;below_18
Jeremiah Peters,Jeremiah_Peters@andrews-carr.com,03-04-1962,26101,invalid_mobile
Tony Perry,Tony_Perry@lewis-holland.com,09/10/1973,1123 1827,invalid_mobile
Daniel Sanchez,Daniel_Sanchez@johnson.biz,1976/03/03,756531,invalid_mobile
Brandy Anderson,Brandy_Anderson@miller-fernandez.com,1973-12-09,62446,invalid_mobile
Amy Wagner,Amy_Wagner@fowler-curtis.com,01-05-1969,64076,invalid_mobile
Thomas Williams,Thomas_Williams@roberts-hunter.com,1982-12-17,167397,invalid_mobile
Jose Jacobs,Jose_Jacobs@martinez.com,23-09-1978,47151,invalid_mobile
Julia Chapman,Julia_Chapman@davis-lee.info,01/01/1980,8871 9991,invalid_mobile
Jonathan Perez DDS,Jonathan_Perez@andersen.com,21-03-1962,955743,invalid_mobile
Gloria Green,Gloria_Green@nichols.com,18-10-2018,645645,invalid_mobile;below_18
Stephen Greer,Stephen_Greer@smith.info,07/20/2009,5951 6423,invalid_mobile;below_18
Joyce Wells,Joyce_Wells@gregory.net,1978/01/20,710631,invalid_mobile
Samantha Olson,Samantha_Olson@escobar.net,10/05/1971,659769,invalid_mobile
David Stein,David_Stein@maldonado.com,1984/01/09,3322740,invalid_mobile
Ryan Marks,Ryan_Marks@lewis-summers.com,2007-05-13,90236,invalid_mobile;below_18
Robin Vance,Robin_Vance@stone-perez.com,23-07-2003,35906,invalid_mobile
Raven Ford,Raven_Ford@mcdowell.com,02/13/1996,1351 9207,invalid_mobile
Kelly Hunter,Kelly_Hunter@fuller.info,05/07/1987,4651 6271,invalid_mobile
Andrew Rubio MD,Andrew_Rubio@ashley.info,1970-06-12,6921643,invalid_mobile
Judith Cortez,Judith_Cortez@stanley.biz,1977/02/09,842661,invalid_mobile
Angela Hunt,Angela_Hunt@johnson-melendez.org,1958-01-09,93916,invalid_mobile
Bill Braun,Bill_Braun@moore-kim.org,02/18/1953,4209402,invalid_mobile
Denise Harding,Denise_Harding@compton-todd.biz,02-12-2018,5192391,invalid_mobile;below_18
Daniel Grimes,Daniel_Grimes@keith.com,11/26/1982,6151 8103,invalid_mobile
Craig Smith,Craig_Smith@green.com,22-01-1986,481071,invalid_mobile
Alan Thompson,Alan_Thompson@cooper.com,1952/06/07,1691684,invalid_mobile
Brian Rogers,Brian_Rogers@robinson.com,05-12-2000,333987,invalid_mobile
Jason Hill,Jason_Hill@obrien.com,05-09-2012,35821015,below_18
Stephanie White,Stephanie_White@cline.com,1977/09/07,18676,invalid_mobile
Natalie Thomas,Natalie_Thomas@robbins-ryan.biz,1967-08-27,43406,invalid_mobile
Kenneth Butler,Kenneth_Butler@lane.com,2012-10-30,2639498,invalid_mobile;below_18
Ariel Morgan,Ariel_Morgan@fox.net,1961-11-22,727251,invalid_mobile
Miguel Gutierrez,Miguel_Gutierrez@thomas.info,1985-04-09,605847,invalid_mobile
Justin Whitaker,Justin_Whitaker@dominguez-reynolds.com,09/25/1997,611439,invalid_mobile
Kelly Munoz,Kelly_Munoz@nash.com,03-04-1982,77711,invalid_mobile
Katherine Lawson,Katherine_Lawson@watson.com,07/06/1964,9744127,invalid_mobile
Catherine Richards,Catherine_Richards@glass.org,2006-11-18,6703852,invalid_mobile;below_18
Kelly Porter,Kelly_Porter@sloan-middleton.com,1982/09/15,4300955,invalid_mobile
Daniel Perez,Daniel_Perez@hill.com,09/04/2018,8979 6811,invalid_mobile;below_18
Mark Rodriguez,Mark_Rodriguez@anderson.info,05/02/2005,5660635,invalid_mobile;below_18
Joseph Riggs,Joseph_Riggs@mckee-williams.com,2018/06/23,383799,invalid_mobile;below_18
Elizabeth Young,Elizabeth_Young@rogers.org,1988/03/30,8826350,invalid_mobile
Cory Garcia,Cory_Garcia@evans-benson.com,02/02/1955,8655 5943,invalid_mobile
Richard Hall,Richard_Hall@brown-leon.com,03/25/1999,968859,invalid_mobile
Nicole Adams,Nicole_Adams@thompson-mendoza.com,1999-02-14,3249520,invalid_mobile
Jennifer Williams,Jennifer_Williams@king-mercado.com,1957-08-25,310563,invalid_mobile
Steven Turner,Steven_Turner@cooper.biz,09-06-1987,24556,invalid_mobile
Janet Meyer,Janet_Meyer@vaughn.biz,1968/11/17,950907,invalid_mobile
Anna Torres,Anna_Torres@fuller-reynolds.com,1972/06/07,68226,invalid_mobile
Lindsey Gould MD,Lindsey_Gould@navarro-carson.info,09/17/1974,7246457,invalid_mobile
Jillian White,Jillian_White@fernandez-reed.com,09/03/2015,684501,invalid_mobile;below_18
Angela Hill,Angela_Hill@sampson-robles.net,22-01-1974,3004366,invalid_mobile
Michael Jackson,Michael_Jackson@wilson.com,12-04-1992,84506,invalid_mobile
Brandi Campbell MD,Brandi_Campbell@potts-alexander.com,29-04-1980,45351,invalid_mobile
Nancy Aguilar,Nancy_Aguilar@davis-johnson.com,02-06-1987,1720580,invalid_mobile
Gregory Garcia,Gregory_Garcia@cox.biz,04-02-2005,192549,invalid_mobile;below_18
Ryan Hood,Ryan_Hood@turner.com,1959/06/15,56151,invalid_mobile
April Garza,April_Garza@lopez-simpson.biz,10/21/1971,41506,invalid_mobile
Caleb Hayes,Caleb_Hayes@gallagher.com,1992-07-14,4269462,invalid_mobile
Frank Villegas,Frank_Villegas@johnson-mitchell.com,2005-01-17,71487247,below_18
John Gutierrez,John_Gutierrez@olson.com,1961-11-22,274101,invalid_mobile
Denise Dominguez,Denise_Dominguez@long.com,06/28/1966,2823 5547,invalid_mobile
Stacy Curtis,Stacy_Curtis@nicholson-gray.com,11-12-1989,520107,invalid_mobile
Michael Ramirez,Michael_Ramirez@carlson-becker.info,1984-12-25,5668706,invalid_mobile
Joy Estrada,Joy_Estrada@duran-miller.com,10/07/1967,89066,invalid_mobile
Kimberly Brewer,Kimberly_Brewer@smith-lopez.com,07/16/2015,92931,invalid_mobile;below_18
Mrs. Amber Mcguire,Amber_Mcguire@burton-franklin.net,01/11/1956,706881,invalid_mobile
Cynthia Vargas MD,Cynthia_Vargas@gonzalez.com,07/30/2007,25946,invalid_mobile;below_18
Daniel Rowland,Daniel_Rowland@parker.org,07/08/1952,16381,invalid_mobile
Christopher Mcneil,Christopher_Mcneil@villarreal-reed.com,1975-03-14,68631,invalid_mobile
Ruben Rodriguez,Ruben_Rodriguez@lopez.info,10/16/2017,4050327,invalid_mobile;below_18
Lisa Johnson,Lisa_Johnson@gonzales.com,2011/01/25,9043273,invalid_mobile;below_18
Paula Liu,Paula_Liu@grimes-russell.com,15-06-1966,79541,invalid_mobile
Timothy Aguilar,Timothy_Aguilar@perez-hayes.com,16-05-1961,561339,invalid_mobile
Hunter Gibson,Hunter_Gibson@foster.com,02/27/1962,1258594,invalid_mobile
Heather Baldwin,Heather_Baldwin@benjamin.com,05-09-1951,332337,invalid_mobile
William Washington,William_Washington@adams-stewart.com,1956-06-25,535299,invalid_mobile
Todd Morris,Todd_Morris@wilcox-fox.biz,2000/04/26,600765,invalid_mobile
Danielle Herring,Danielle_Herring@osborn-diaz.org,11/06/2004,6663735,invalid_mobile;below_18
Jennifer Buck,Jennifer_Buck@wiley-campbell.info,16-06-1950,590529,invalid_mobile
Tanner Flores,Tanner_Flores@clark.com,14-07-2010,63836,invalid_mobile;below_18
Lisa Gilbert,Lisa_Gilbert@campbell.com,11/24/1972,4724000,invalid_mobile
Nichole Martin,Nichole_Martin@valdez.biz,06/02/2008,36196,invalid_mobile;below_18
Joseph Owen,Joseph_Owen@cole.com,1961-05-02,57396,invalid_mobile
Sandra Dyer,Sandra_Dyer@chavez-robertson.com,02-09-1952,89961,invalid_mobile
Regina Smith,Regina_Smith@blanchard.com,1982/05/07,615945,invalid_mobile
Jonathan Gomez,Jonathan_Gomez@stafford.com,08/26/1964,34801,invalid_mobile
Amy Smith,Amy_Smith@combs.com,2017-02-07,95706,invalid_mobile;below_18
Mrs. Shirley Ruiz,Shirley_Ruiz@house-gay.com,08/12/1972,2375 9691,invalid_mobile
Dr. Melissa Wilson,Melissa_Wilson@smith.com,08/13/1966,471729,invalid_mobile
Sean Sharp DDS,Sean_Sharp@campbell-armstrong.biz,05/25/2003,4026674,invalid_mobile
Mandy Richards,Mandy_Richards@jackson.info,1967/09/20,99191,invalid_mobile
Jonathan Cole,Jonathan_Cole@villarreal-olsen.net,2002/06/23,9312815,invalid_mobile
Bobby Young,Bobby_Young@murillo-mcmillan.com,11/10/2007,7957643,invalid_mobile;below_18
Julie Short,Julie_Short@powell.org,03/03/1972,862947,invalid_mobile
Whitney Camacho,Whitney_Camacho@johnson.com,07-03-1997,7701590,invalid_mobile
Shawn Fox,Shawn_Fox@jones-soto.biz,01/27/1951,557199,invalid_mobile
Anthony Vang,Anthony_Vang@rush.net,1984-01-20,918759,invalid_mobile
Matthew Taylor,Matthew_Taylor@tran.com,1955/01/10,5156593,invalid_mobile
Heather Baird,Heather_Baird@lloyd.info,29-08-1977,45426,invalid_mobile
Angela Christensen,Angela_Christensen@johnston-martin.biz,2017-10-28,7658463,invalid_mobile;below_18
Gary Walker,Gary_Walker@rogers-villa.com,2014-08-24,12976,invalid_mobile;below_18
Jeanette Holland,Jeanette_Holland@lester.com,24-08-1996,2306319,invalid_mobile
Lisa Hood,Lisa_Hood@vaughn.info,04/20/2018,562755,invalid_mobile;below_18
Julie Smith,Julie_Smith@wheeler.info,1990/01/02,8632660,invalid_mobile
Natasha Griffith,Natasha_Griffith@holden.com,2000/07/15,953157,invalid_mobile
Lee Avila,Lee_Avila@taylor.com,1989/02/23,560637,invalid_mobile
Corey Thompson,Corey_Thompson@nelson.org,1964/05/28,1367241,invalid_mobile
Penny Higgins,Penny_Higgins@middleton-malone.com,05/23/1973,90681,invalid_mobile
Robert Norton,Robert_Norton@porter-ross.com,2000/02/09,641529,invalid_mobile
Jeffery Hall,Jeffery_Hall@black.com,13-01-1955,5836671,invalid_mobile
Nicole Hicks,Nicole_Hicks@moore.com,2002/02/26,302229,invalid_mobile
Megan Sparks,Megan_Sparks@martinez-cruz.com,1981-09-05,425199,invalid_mobile
Shane Clark,Shane_Clark@rhodes.com,2008-02-08,6796266,invalid_mobile;below_18
Keith Hamilton,Keith_Hamilton@thomas.com,2016/10/26,12731,invalid_mobile;below_18
Danielle Garcia,Danielle_Garcia@newman.info,07/22/2002,83736,invalid_mobile
Lisa Jackson,Lisa_Jackson@morton-lowe.com,01/14/1973,8239 3203,invalid_mobile
Jay Johnson,Jay_Johnson@payne.net,03/21/2010,6089742,invalid_mobile;below_18
Kelly Boyle,Kelly_Boyle@ballard-miller.net,2015/05/22,62471,invalid_mobile;below_18
Matthew Parker,Matthew_Parker@mckee.com,29-06-1950,357003,invalid_mobile
Jennifer Ingram,Jennifer_Ingram@munoz-torres.info,09/10/1954,4388133,invalid_mobile
Randall Edwards,Randall_Edwards@castro-mckay.com,07-10-2016,682629,invalid_mobile;below_18
Krystal Green,Krystal_Green@hoover-pacheco.org,28-09-1950,94496,invalid_mobile
Hayden Simpson,Hayden_Simpson@adams-green.com,2018/05/04,18626,invalid_mobile;below_18
Dale Wells,Dale_Wells@thompson.com,1967-12-30,42811,invalid_mobile
David Davis,David_Davis@santiago-delgado.com,10/06/2000,347523,invalid_mobile
Cindy Curtis,Cindy_Curtis@nguyen-lambert.com,2011/07/24,604107,invalid_mobile;below_18
Danielle Woodward,Danielle_Woodward@garza-stanton.biz,27-09-2001,2209845,invalid_mobile
Jason Griffin,Jason_Griffin@bishop.net,30-01-2005,135597,invalid_mobile;below_18
Kathy Reid,Kathy_Reid@smith.com,09-04-1960,96416,invalid_mobile
Jackson Newman,Jackson_Newman@garrison-cox.org,10/10/1989,4225537,invalid_mobile
Wesley Green,Wesley_Green@estrada-johnson.com,2011-03-30,377433,invalid_mobile;below_18
Miranda Mata,Miranda_Mata@martin.com,01/24/1993,6163 2395,invalid_mobile
Laura Roman,Laura_Roman@harvey-kelley.net,11/14/1981,74756,invalid_mobile
James Frederick,James_Frederick@thomas.com,20-04-2013,49921,invalid_mobile;below_18
Christopher Lewis,Christopher_Lewis@hampton.com,04/15/2001,650361,invalid_mobile
Regina Jackson,Regina_Jackson@mcconnell.info,2005-02-23,25845359,below_18
Kristin Vargas,Kristin_Vargas@hawkins.com,1978/03/29,356253,invalid_mobile
Andrew Phillips,Andrew_Phillips@castro-gardner.org,02-12-1960,448035,invalid_mobile
William Johnson,William_Johnson@jones.biz,18-02-2009,97031,invalid_mobile;below_18
Glenn Hernandez,Glenn_Hernandez@daniel.net,19-06-1977,990351,invalid_mobile
Corey Miller,Corey_Miller@tapia.com,02/13/1985,5036627,invalid_mobile
Brianna Barnes,Brianna_Barnes@gibson.org,07/21/1975,29706,invalid_mobile
Kyle Hunt,Kyle_Hunt@leblanc.com,10-10-1952,30006,invalid_mobile
Janet Sharp,Janet_Sharp@hernandez.com,1955-08-13,65061,invalid_mobile
Austin Alexander,Austin_Alexander@ortiz.com,04/18/1995,1263 8703,invalid_mobile
Bethany Roberts,Bethany_Roberts@edwards.com,08-12-1984,2722238,invalid_mobile
Tiffany Sanchez,Tiffany_Sanchez@roman.com,2017-08-05,936093,invalid_mobile;below_18
Robert Salas,Robert_Salas@lucero.net,1962-02-24,4614450,invalid_mobile
Cindy Joseph,Cindy_Joseph@phillips.com,1970/05/20,6731684,invalid_mobile
Joseph Lang,Joseph_Lang@lewis.com,1993/05/26,3968721,invalid_mobile
Christina Barker,Christina_Barker@tucker.biz,15-07-1995,53266,invalid_mobile
Donna Juarez,Donna_Juarez@sanders-briggs.com,06/12/1955,6031 3867,invalid_mobile
Charles Jackson,Charles_Jackson@romero.net,1986/11/05,380643,invalid_mobile
Crystal Sims,Crystal_Sims@ritter.info,1966-02-28,4841383,invalid_mobile
Mark Larson,Mark_Larson@bird.com,1952-09-23,9369907,invalid_mobile
Robert Owens,Robert_Owens@thompson.com,2018/06/05,483831,invalid_mobile;below_18
Aaron Juarez,Aaron_Juarez@ramos.com,06-11-2007,61671,invalid_mobile;below_18
Jonathan Chen,Jonathan_Chen@doyle.biz,30-11-1957,503457,invalid_mobile
Devon James,Devon_James@alexander.com,1957/08/22,504045,invalid_mobile
Michele Koch,Michele_Koch@haynes.com,1975/12/25,403737,invalid_mobile
Audrey Johnson,Audrey_Johnson@porter-kramer.biz,2000-02-06,4418562,invalid_mobile
Jennifer Whitaker,Jennifer_Whitaker@soto.com,07/24/1971,16306,invalid_mobile
Scott Mitchell,Scott_Mitchell@johnson.com,1977/06/20,36416,invalid_mobile
Natalie Woods,Natalie_Woods@carr.biz,1996-11-09,728829,invalid_mobile
Terry Campbell,Terry_Campbell@clark-estrada.com,1983-08-15,7236524,invalid_mobile
William Hall,William_Hall@wallace-stevens.com,08-12-1987,117183,invalid_mobile
Danielle Hughes,Danielle_Hughes@robinson-flowers.net,06/18/1997,320793,invalid_mobile
Gina Pena,Gina_Pena@patrick.com,1978-03-06,72886,invalid_mobile
Cynthia Mccann,Cynthia_Mccann@brown.biz,10-06-1984,98001,invalid_mobile
Deborah Duran,Deborah_Duran@garcia.net,10/07/1983,993195,invalid_mobile
Ashley Grant,Ashley_Grant@smith.biz,1977/11/02,4961237,invalid_mobile
Mr. Edward Kennedy,Edward_Kennedy@thornton-white.com,2001/12/15,2922333,invalid_mobile
Laura Turner,Laura_Turner@anderson.net,19-02-1987,2389227,invalid_mobile
Kathryn Fox,Kathryn_Fox@alexander-jimenez.com,1963-05-27,623889,invalid_mobile
Mason Brown,Mason_Brown@barrett.com,26-11-1991,73961,invalid_mobile
Jacqueline Lee,Jacqueline_Lee@johnson.org,1973-05-31,91151,invalid_mobile
Whitney Davis,Whitney_Davis@huff-cervantes.com,21-03-2002,4229814,invalid_mobile
Michael Hurley,Michael_Hurley@anderson-trujillo.net,1958-07-26,9007643,invalid_mobile
Carol Brown,Carol_Brown@nunez.biz,10/16/2015,536721,invalid_mobile;below_18
Gregory Perez,Gregory_Perez@pruitt-hodge.com,05-07-1976,171957,invalid_mobile
Karen Heath,Karen_Heath@ramsey.com,01/04/1987,508365,invalid_mobile
Michael Daniels,Michael_Daniels@hayes-jackson.org,1968/09/23,4257849,invalid_mobile
Donald Cooper,Donald_Cooper@skinner.net,2006-10-16,525369,invalid_mobile;below_18
Joseph Swanson,Joseph_Swanson@miranda.com,1957/12/13,898827,invalid_mobile
Sonia Lynch,Sonia_Lynch@bowman-mccullough.biz,12/02/1963,6683 8511,invalid_mobile
Lawrence Walsh,Lawrence_Walsh@morris.biz,25-08-1981,5745489,invalid_mobile
Michael Morales,Michael_Morales@carey.biz,16-11-1957,498015,invalid_mobile
Vernon Hill,Vernon_Hill@carrillo.biz,06/28/1988,40271,invalid_mobile
Andrew Spencer,Andrew_Spencer@velasquez.com,1971/05/22,13686,invalid_mobile
Lee Peterson,Lee_Peterson@espinoza.com,1970/08/11,4502870,invalid_mobile
Emily Hall,Emily_Hall@simpson-mccann.com,1993/01/13,173907,invalid_mobile
Julie Hartman,Julie_Hartman@hall.com,1993/09/27,6490282,invalid_mobile
Rebecca Serrano,Rebecca_Serrano@martin.com,07/26/1965,4839 6631,invalid_mobile
Anna Moore,Anna_Moore@campos.com,28-04-2000,85376,invalid_mobile
Natasha Woods,Natasha_Woods@perez.com,12/05/2015,67416,invalid_mobile;below_18
Samuel Morrison,Samuel_Morrison@johnson.org,1961-07-07,93741,invalid_mobile
Heather Wood,Heather_Wood@kelly-cohen.com,1976/10/08,756489,invalid_mobile
Michael Avila,Michael_Avila@ramirez.org,01/23/1953,4615 8431,invalid_mobile
Justin Lopez,Justin_Lopez@gray.org,1954/05/06,290865,invalid_mobile
Joseph Mathis,Joseph_Mathis@greene.com,1956/10/31,1554022,invalid_mobile
Travis Brewer,Travis_Brewer@campbell.biz,2004-08-30,18116,invalid_mobile;below_18
Mary Snyder,Mary_Snyder@benson.com,2008-08-26,7772500,invalid_mobile;below_18
Juan Liu,Juan_Liu@harvey.com,01/27/2014,134769,invalid_mobile;below_18
Sherry Simpson,Sherry_Simpson@hamilton-wilcox.com,1993-01-02,6626397,invalid_mobile
Lisa Shaffer,Lisa_Shaffer@beltran-browning.biz,01/29/1990,756045,invalid_mobile
Juan Chapman,Juan_Chapman@huynh.info,1994/03/15,93221,invalid_mobile
Paul York,Paul_York@fisher.org,15-02-2004,89802735,below_18
Gina Taylor,Gina_Taylor@yates-kelly.net,05/03/2017,3799 1599,invalid_mobile;below_18
Nancy Williams,Nancy_Williams@davis.com,08-07-1997,4982741,invalid_mobile
Brandon Nixon,Brandon_Nixon@salas.info,24-12-1967,50571,invalid_mobile
Mary Adams,Mary_Adams@hubbard.com,1979-04-26,28361,invalid_mobile
Jonathan Cooley,Jonathan_Cooley@yates-burke.com,02-11-1993,4419605,invalid_mobile
Valerie Acosta,Valerie_Acosta@black-bridges.com,1976-05-27,142611,invalid_mobile
Tyler Rodriguez,Tyler_Rodriguez@nelson.com,11/23/1969,3831 6039,invalid_mobile
Terry Ali,Terry_Ali@ortiz.com,06/04/1995,73171,invalid_mobile
Nancy Velasquez,Nancy_Velasquez@ward.net,05/27/1962,6466860,invalid_mobile
John Rose,John_Rose@reid.com,11/05/1984,3025786,invalid_mobile
Brian Ramos,Brian_Ramos@parks.com,2001/11/26,3940147,invalid_mobile
John Joseph,John_Joseph@wilson-burton.org,02-04-1982,81841,invalid_mobile
Lindsay Lopez,Lindsay_Lopez@foster.net,01/23/1982,6251 9943,invalid_mobile
Dr. Amy Melendez,Amy_Melendez@anderson-gibbs.info,05/14/1993,39311,invalid_mobile
Glenda Chandler,Glenda_Chandler@hester.biz,12/05/2011,1548954,invalid_mobile;below_18
Seth Norman,Seth_Norman@hart.com,1955-02-17,1773360,invalid_mobile
Paul Price,Paul_Price@rojas.com,1998/10/31,323031,invalid_mobile
Todd Carpenter,Todd_Carpenter@bowman-miller.com,1953-07-06,195069,invalid_mobile
Kathryn Greene,Kathryn_Greene@clay-ballard.biz,1973-08-03,2288385,invalid_mobile
Nicholas Meadows,Nicholas_Meadows@rogers-parrish.com,11/01/2007,53726,invalid_mobile;below_18
Frank Reid,Frank_Reid@henry.com,17-03-1952,68536,invalid_mobile
Linda Lynn,Linda_Lynn@baker-jensen.com,08/12/1964,6000576,invalid_mobile
Michael Johnson,Michael_Johnson@grimes-johnston.com,1999-06-11,27101,invalid_mobile
Kayla Miller,Kayla_Miller@flores.com,1977-08-28,7848611,invalid_mobile
Kristen Ortiz,Kristen_Ortiz@brooks.com,1999-05-30,9049160,invalid_mobile
Vincent Kelley,Vincent_Kelley@johnson.com,05/29/1986,8760025,invalid_mobile
Angela Jackson,Angela_Jackson@sanchez.com,1975-08-23,50366,invalid_mobile
Brenda Patterson,Brenda_Patterson@williamson.org,2016/03/14,38706,invalid_mobile;below_18
Tina Moody,Tina_Moody@dennis-fowler.org,2010-03-03,76401,invalid_mobile;below_18
Terry Greene,Terry_Greene@hernandez.com,2014/03/01,45216,invalid_mobile;below_18
Anthony Mitchell,Anthony_Mitchell@harris.net,15-08-1992,6435955,invalid_mobile
Laura Mason,Laura_Mason@foley-williams.com,1958/10/24,7347145,invalid_mobile
Melissa Burton,Melissa_Burton@jones.com,1974-10-12,328821,invalid_mobile
Christopher Ramirez,Christopher_Ramirez@wilson.com,2007-08-11,162129,invalid_mobile;below_18
Randy Green,Randy_Green@griffin.info,1956-01-14,37511,invalid_mobile
Michael Ross,Michael_Ross@martinez-tucker.com,2004-01-10,992109,invalid_mobile;below_18
Elizabeth Morris,Elizabeth_Morris@collins.com,1964-10-03,2493828,invalid_mobile
Erica Williams,Erica_Williams@craig.com,25-12-1952,63091,invalid_mobile
Julie Johnson,Julie_Johnson@graves-cisneros.org,04/03/1969,857715,invalid_mobile
Andrew Smith,Andrew_Smith@everett.biz,1976/10/15,3357992,invalid_mobile
Aaron Anderson,Aaron_Anderson@buchanan.com,1992/09/06,68556,invalid_mobile
Mr. Julian Allen,Julian_Allen@johnson.com,1986-06-07,8215817,invalid_mobile
John Simpson,John_Simpson@gonzalez.org,1975-10-12,7080830,invalid_mobile
Karen Salazar,Karen_Salazar@wu-cohen.com,05/02/1995,8939 4439,invalid_mobile
Chelsea Williams,Chelsea_Williams@richardson-jones.net,25-06-1958,6541606,invalid_mobile
Denise Kent,Denise_Kent@smith.net,03-08-1957,587991,invalid_mobile
David Sullivan,David_Sullivan@garcia.biz,1951-11-14,75381,invalid_mobile
Tracy Irwin,Tracy_Irwin@dawson-williams.com,27-03-2010,84483503,below_18
Lisa Edwards,Lisa_Edwards@anderson.biz,13-03-2004,533865,invalid_mobile;below_18
Christopher Ruiz,Christopher_Ruiz@west-lynch.com,1978-05-21,92256,invalid_mobile
Laura Crane,Laura_Crane@reynolds.net,17-11-1963,9065414,invalid_mobile
James Robbins,James_Robbins@saunders.com,12-11-1972,834663,invalid_mobile
Amy Conway,Amy_Conway@horne-jones.com,2015-01-21,87662167,below_18
Nancy Morrison,Nancy_Morrison@perez.com,16-12-1968,285459,invalid_mobile
Robert Hughes,Robert_Hughes@scott.com,03/26/1988,89091,invalid_mobile
Candice Johnson,Candice_Johnson@morales.org,1991/09/15,8933849,invalid_mobile
George Moreno,George_Moreno@lee-peck.net,28-02-2012,7068377,invalid_mobile;below_18
Melissa Mccarthy,Melissa_Mccarthy@elliott.com,1984/11/29,861705,invalid_mobile
Diana Kelly,Diana_Kelly@young-fisher.com,02/07/2018,445161,invalid_mobile;below_18
Nicholas Maldonado,Nicholas_Maldonado@newton.com,1977/07/28,7480103,invalid_mobile
Jared Liu,Jared_Liu@carr-ray.com,28-06-1984,41716,invalid_mobile
Amy White,Amy_White@mccoy-melendez.net,09/03/1999,4367448,invalid_mobile
Melanie Brown,Melanie_Brown@lewis.net,1958/04/06,1819700,invalid_mobile
Charles Little,Charles_Little@peters.org,1961-08-29,2956759,invalid_mobile
Stephanie Nash,Stephanie_Nash@molina-white.com,10-08-1986,45876,invalid_mobile
Rebecca Archer,Rebecca_Archer@day-hoffman.org,1969/05/28,4877972,invalid_mobile
Bradley Johnson,Bradley_Johnson@harper.com,10-04-1985,56636,invalid_mobile
Jessica Saunders,Jessica_Saunders@bruce.com,1951-03-03,6092542,invalid_mobile
Dawn Brown,Dawn_Brown@hobbs-stevens.com,1982/04/11,38306,invalid_mobile
Paul George,Paul_George@cruz-martin.com,2005/07/06,59131,invalid_mobile;below_18
Miranda Garrison,Miranda_Garrison@allen.biz,2005-09-26,733041,invalid_mobile;below_18
Diane Romero,Diane_Romero@walker-mitchell.com,1975/03/03,5798969,invalid_mobile
Sylvia Allen,Sylvia_Allen@shannon-roth.net,1977/06/13,35861,invalid_mobile
Angela Short,Angela_Short@hansen.biz,06/02/1987,1873145,invalid_mobile
Chad Conley,Chad_Conley@flores.com,14-09-1997,9020551,invalid_mobile
Ryan Hughes,Ryan_Hughes@brown.com,2018-08-04,376617,invalid_mobile;below_18
Stephanie Sandoval,Stephanie_Sandoval@larson.net,09/16/1951,8876442,invalid_mobile
Christine Moreno,Christine_Moreno@beltran.com,1974/08/06,7901384,invalid_mobile
Ana Mayo,Ana_Mayo@gray-ramirez.info,1980/03/21,855723,invalid_mobile
Cheryl Vaughn,Cheryl_Vaughn@velasquez.biz,1999/01/27,88146,invalid_mobile
Jennifer Hayes,Jennifer_Hayes@adkins.com,01/06/1985,60096,invalid_mobile
Maria Brewer,Maria_Brewer@myers.com,1991-05-18,391005,invalid_mobile
Patrick Downs,Patrick_Downs@jordan-ward.info,03/15/1993,7503504,invalid_mobile
Michelle Duncan,Michelle_Duncan@keith.com,1971/03/08,49421,invalid_mobile
Erika Diaz,Erika_Diaz@brooks-weber.com,1952-05-16,14861,invalid_mobile
Natalie Scott,Natalie_Scott@jones-rodriguez.com,1953-03-25,9408617,invalid_mobile
Mackenzie Thompson,Mackenzie_Thompson@goodwin.net,1970/08/13,461013,invalid_mobile
Kim Hull,Kim_Hull@king.com,06/19/2003,6919 8923,invalid_mobile
Christopher Guerrero,Christopher_Guerrero@white.biz,06/25/2007,6999 5555,invalid_mobile;below_18
Matthew Richard,Matthew_Richard@larsen.com,1992-12-11,4721144,invalid_mobile
Bridget Martin,Bridget_Martin@myers-douglas.com,15-01-2000,95031,invalid_mobile
Lawrence Valdez,Lawrence_Valdez@boyd-clayton.com,14-01-1953,81841,invalid_mobile
Thomas Reyes,Thomas_Reyes@wilson-davis.com,22-06-1962,3554174,invalid_mobile
Anthony Crosby,Anthony_Crosby@martinez.com,1960/12/01,64366,invalid_mobile
Tammy York,Tammy_York@perry.com,1999/11/17,6589941,invalid_mobile
William Frye,William_Frye@gibson.info,1999/03/20,636189,invalid_mobile
Eric Perez,Eric_Perez@salinas.info,1957-08-24,610569,invalid_mobile
Lindsey Li,Lindsey_Li@willis-nguyen.com,09/11/2006,15721,invalid_mobile;below_18
Sara Ruiz,Sara_Ruiz@evans.biz,05/12/1953,21106,invalid_mobile
Brittany Woods DDS,Brittany_Woods@jensen.com,1958/09/10,78226,invalid_mobile
Christopher Hudson,Christopher_Hudson@martin.org,1991/08/07,3193422,invalid_mobile
Dana Cline,Dana_Cline@reynolds.com,12/02/1983,881889,invalid_mobile
Breanna Davis,Breanna_Davis@turner.com,1959-09-20,33746,invalid_mobile
Lauren Mitchell,Lauren_Mitchell@taylor-huerta.com,07/06/1984,6218346,invalid_mobile
John Brown,John_Brown@khan-payne.biz,03-10-1970,2019683,invalid_mobile
Peter Tran,Peter_Tran@pollard.org,06/02/2011,5027 3379,invalid_mobile;below_18
Donna Martinez,Donna_Martinez@bond-clark.com,25-03-1972,24941,invalid_mobile
Aaron Thomas,Aaron_Thomas@brown-jackson.com,06-05-2016,6262453,invalid_mobile;below_18
Deborah Rasmussen,Deborah_Rasmussen@harris.com,07/03/1960,834819,invalid_mobile
Jennifer Green,Jennifer_Green@smith.net,2017-04-10,115413,invalid_mobile;below_18
Michael Miller,Michael_Miller@webb.net,22-08-1981,218877,invalid_mobile
Kimberly Francis,Kimberly_Francis@hernandez.net,1995-02-07,344535,invalid_mobile
Debra Wagner,Debra_Wagner@stewart-thompson.com,15-09-1984,39141,invalid_mobile
Kelsey Miller,Kelsey_Miller@anderson-green.com,11/07/1978,4567 6055,invalid_mobile
Tony Cannon,Tony_Cannon@jacobs.info,02-09-1954,15936,invalid_mobile
Rebekah Sanchez,Rebekah_Sanchez@johnson.info,14-02-1962,88256,invalid_mobile
Brandon Woodard,Brandon_Woodard@spencer-jackson.net,2000-07-30,73426,invalid_mobile
Alan Summers,Alan_Summers@lloyd-smith.com,11/01/2017,4899 2595,invalid_mobile;below_18
Tonya Cherry,Tonya_Cherry@mccall.biz,1995-08-03,7317745,invalid_mobile
Denise Carpenter,Denise_Carpenter@hernandez.com,03-11-1965,5174044,invalid_mobile
James Kim,James_Kim@gibbs-hughes.com,1952/04/22,76976,invalid_mobile
Eric Mcclure,Eric_Mcclure@tran-cummings.com,07/09/2012,6828900,invalid_mobile;below_18
Brian Smith,Brian_Smith@phillips-smith.com,1981/06/30,121587,invalid_mobile
Jeffery Gordon,Jeffery_Gordon@johnson-carr.com,06/25/1956,2874488,invalid_mobile
Kyle Taylor,Kyle_Taylor@burton.com,05-12-1953,47901,invalid_mobile
Thomas Underwood,Thomas_Underwood@ward-estes.com,29-08-1957,179085,invalid_mobile
David Jones,David_Jones@anderson.info,02/19/2003,405465,invalid_mobile
Julia Wolfe,Julia_Wolfe@nguyen.info,1968-12-19,741345,invalid_mobile
Derek Vaughn,Derek_Vaughn@barnes.com,1968-06-09,4600912,invalid_mobile
Joel Walters,Joel_Walters@sloan.com,1987/03/15,888927,invalid_mobile
Leonard Wheeler,Leonard_Wheeler@hicks-meadows.com,05/21/2007,628131,invalid_mobile;below_18
Jason Santos,Jason_Santos@french.com,02/22/1982,60776,invalid_mobile
April Spears,April_Spears@stephenson-walton.com,06/20/2003,945729,invalid_mobile
Gina Butler,Gina_Butler@faulkner.com,2017-02-18,3396884,invalid_mobile;below_18
Cheryl Alvarez,Cheryl_Alvarez@castillo.com,02/15/2005,9165164,invalid_mobile;below_18
Kyle Lee,Kyle_Lee@lloyd.info,01/18/1997,332493,invalid_mobile
Dylan White,Dylan_White@wood-howard.com,04/09/2004,72451,invalid_mobile;below_18
Martin Griffin,Martin_Griffin@allen.com,2005-01-02,36159095,below_18
Clinton Curtis,Clinton_Curtis@king-edwards.com,1986/02/28,47846,invalid_mobile
Justin Lester,Justin_Lester@williams-perez.com,1963/11/02,975069,invalid_mobile
Vanessa Montgomery,Vanessa_Montgomery@mooney.info,1961-12-02,510339,invalid_mobile
Melissa Wiley,Melissa_Wiley@roberts-wade.com,1978/09/12,53961,invalid_mobile
Jose Bates,Jose_Bates@maynard.com,1966/06/13,3133243,invalid_mobile
Christopher Taylor,Christopher_Taylor@thomas.biz,03/18/1996,51981,invalid_mobile
Michael Perkins,Michael_Perkins@hale.com,2018/10/17,33461,invalid_mobile;below_18
Brianna Haynes,Brianna_Haynes@garcia.com,04/01/1998,1215 3303,invalid_mobile
Lisa Harrison,Lisa_Harrison@smith-nguyen.com,22-02-1962,12016,invalid_mobile
Joe Ewing,Joe_Ewing@alvarez-day.org,03/25/2016,425835,invalid_mobile;below_18
Maria Miller,Maria_Miller@wilson.com,01-04-2011,893049,invalid_mobile;below_18
Seth Mayer,Seth_Mayer@dunn-terry.net,2000-08-04,47526,invalid_mobile
Erin Sharp,Erin_Sharp@murphy.com,2006-03-14,63091,invalid_mobile;below_18
Cindy Beasley,Cindy_Beasley@russell.com,2004-11-09,162447,invalid_mobile;below_18
Cassandra Benjamin,Cassandra_Benjamin@clark.net,25-01-2005,98516,invalid_mobile;below_18
Kyle Dickson,Kyle_Dickson@davis.com,1970/06/30,193509,invalid_mobile
Elizabeth Gomez,Elizabeth_Gomez@miller-roberts.com,10/03/1955,401337,invalid_mobile
Tracey Kramer,Tracey_Kramer@rice.info,06-12-2005,95921,invalid_mobile;below_18
David Swanson,David_Swanson@gregory.com,12/20/2002,1675 3799,invalid_mobile
Kathryn Dyer,Kathryn_Dyer@walker.com,12/10/1959,5787 3103,invalid_mobile
Shari Barry,Shari_Barry@herrera.com,05/23/1969,7118448,invalid_mobile
Holly Wilson,Holly_Wilson@miles.org,1972/05/06,870435,invalid_mobile
Wesley Young,Wesley_Young@jordan.com,31-01-2011,672225,invalid_mobile;below_18
Ashley Mckee,Ashley_Mckee@ramirez.org,2010/03/13,863889,invalid_mobile;below_18
Johnathan Graham,Johnathan_Graham@smith.com,1964/07/27,3227813,invalid_mobile
Ashley Davis,Ashley_Davis@mclaughlin.com,12/03/2002,784773,invalid_mobile
Michael Payne,Michael_Payne@austin.biz,19-02-1999,8910175,invalid_mobile
Alicia Crane,Alicia_Crane@charles.info,1967/08/29,1665938,invalid_mobile
Ruben Smith,Ruben_Smith@burton-wood.com,1982-03-27,732621,invalid_mobile
Jeffrey Rodriguez,Jeffrey_Rodriguez@trujillo.com,03/31/1990,5647 2143,invalid_mobile
Diana Clayton,Diana_Clayton@orozco-clayton.com,1982-11-14,9713278,invalid_mobile
Andrea Huynh,Andrea_Huynh@dixon-smith.com,09/29/1989,2679 9851,invalid_mobile
John Hale,John_Hale@collins-williams.com,1983-06-05,4678353,invalid_mobile
William Dunn,William_Dunn@mckinney.info,07-04-2016,2520806,invalid_mobile;below_18
Brittany Wade,Brittany_Wade@blair.com,09/26/2005,7047 2003,invalid_mobile;below_18
Sheena Lester,Sheena_Lester@vaughan.com,05/22/1952,6322191,invalid_mobile
Ann Gibson,Ann_Gibson@lewis.com,23-10-2011,1233457,invalid_mobile;below_18
Cynthia Quinn,Cynthia_Quinn@spencer-marshall.com,04-09-1963,5947236,invalid_mobile
Suzanne Colon,Suzanne_Colon@herrera.biz,1986/12/06,674091,invalid_mobile
Julie Paul,Julie_Paul@jackson-rogers.com,03-05-1968,397599,invalid_mobile
Patricia Webb,Patricia_Webb@rose-murphy.com,02/16/2012,7708730,invalid_mobile;below_18
Scott Paul,Scott_Paul@martinez-lane.com,23-05-1987,291075,invalid_mobile
Shirley Bailey,Shirley_Bailey@morris.com,31-10-2011,291885,invalid_mobile;below_18
Cameron Atkinson,Cameron_Atkinson@foster.net,01/31/1986,12256,invalid_mobile
Brian Allen,Brian_Allen@conway.com,01/01/1956,9323 3303,invalid_mobile
Gary Gray,Gary_Gray@smith.com,2002/11/10,254439,invalid_mobile
Jacqueline Peck,Jacqueline_Peck@smith-miller.com,02/10/1959,6051 2219,invalid_mobile
Brenda Rosales,Brenda_Rosales@mora-brandt.com,1996-07-29,503073,invalid_mobile
Jeffrey Orr,Jeffrey_Orr@rosales.com,28-01-1977,81191,invalid_mobile
Lisa Snyder,Lisa_Snyder@wright-goodwin.com,03-02-1968,9356831,invalid_mobile
Curtis Daniels,Curtis_Daniels@williams-christensen.com,12/16/1963,2434776,invalid_mobile
Jessica Coleman,Jessica_Coleman@schmidt-gates.org,06/02/1960,97661,invalid_mobile
Mason Turner,Mason_Turner@gardner.com,1952/11/03,8895601,invalid_mobile
Mary Morris,Mary_Morris@martinez.info,1990-11-21,38456,invalid_mobile
Melanie Park,Melanie_Park@combs-pruitt.biz,01/11/2001,951177,invalid_mobile
Michelle Harmon,Michelle_Harmon@mcdonald.com,06-12-1987,9420384,invalid_mobile
Brandon Coleman,Brandon_Coleman@davis.com,30-01-1994,7990599,invalid_mobile
Anthony Fletcher,Anthony_Fletcher@perez-smith.com,2001-12-21,77901,invalid_mobile
Jason Mcdaniel,Jason_Mcdaniel@wood.com,04/03/1965,6859 1887,invalid_mobile
Travis Wilkins,Travis_Wilkins@hoffman.net,04/08/1965,2650824,invalid_mobile
Ashlee Boyd,Ashlee_Boyd@may.com,24-01-2015,782109,invalid_mobile;below_18
Victoria Valdez,Victoria_Valdez@becker.com,1965/08/27,951579,invalid_mobile
Patrick Williams,Patrick_Williams@atkinson.com,05/20/1982,8227661,invalid_mobile
Johnathan Edwards,Johnathan_Edwards@richard.biz,01/20/1975,44586,invalid_mobile
Daniel Chambers,Daniel_Chambers@torres.com,08-01-1994,5232235,invalid_mobile
Alexandra Austin,Alexandra_Austin@duncan.com,1962-09-17,7423459,invalid_mobile
Ryan Garcia,Ryan_Garcia@cunningham-clark.com,1956/07/20,296433,invalid_mobile
Joseph Navarro,Joseph_Navarro@lawrence.com,08/16/1967,756525,invalid_mobile
Christina Nunez,Christina_Nunez@jordan.com,1983/02/21,711495,invalid_mobile
Gregory Mitchell,Gregory_Mitchell@soto.com,1962/06/14,72196,invalid_mobile
Ashley Taylor,Ashley_Taylor@church.com,1995-08-04,66046,invalid_mobile
Michael Becker,Michael_Becker@morgan-moore.biz,07/18/1968,1893515,invalid_mobile
James Villegas,James_Villegas@patterson-hunt.com,18-06-2008,3708076,invalid_mobile;below_18
Samuel Alvarado,Samuel_Alvarado@glenn-bartlett.com,1990-06-09,13921,invalid_mobile
Gregory Foster,Gregory_Foster@martinez.com,1988/10/20,1927339,invalid_mobile
Jimmy Martin,Jimmy_Martin@nguyen-swanson.net,2008/06/28,61684983,below_18
Emily Wilson,Emily_Wilson@elliott-patterson.info,14-04-1951,651999,invalid_mobile
Mark Olsen,Mark_Olsen@montes.info,1995-05-08,5000836,invalid_mobile
Madeline Jones,Madeline_Jones@waters-nguyen.info,1950-08-30,34276,invalid_mobile
Tammy Becker MD,Tammy_Becker@gonzalez.org,02/03/2018,6084380,invalid_mobile;below_18
Justin Mcdowell,Justin_Mcdowell@davis-peterson.org,1997-12-12,121569,invalid_mobile
Michael Cook,Michael_Cook@nichols.com,02/19/1989,885135,invalid_mobile
Jesse Johnson,Jesse_Johnson@blanchard.com,18-10-2017,808425,invalid_mobile;below_18
Steven Huber,Steven_Huber@owen.com,04/30/1981,295341,invalid_mobile
Aimee Brown,Aimee_Brown@ball.com,10/12/1988,8111860,invalid_mobile
Melinda Morris,Melinda_Morris@cooper-sharp.com,2007-03-19,219561,invalid_mobile;below_18
Michael Nichols,Michael_Nichols@bishop.biz,1967-09-26,35761,invalid_mobile
Christina Wilson,Christina_Wilson@holden-barker.biz,22-08-1975,5270875,invalid_mobile
Karen Hughes,Karen_Hughes@burgess.net,1952/05/18,2740200,invalid_mobile
Michael Dorsey,Michael_Dorsey@davis-shaw.biz,03/12/2010,542151,invalid_mobile;below_18
Donald Mason,Donald_Mason@foster.info,2014-06-18,98396,invalid_mobile;below_18
Amanda Mclaughlin,Amanda_Mclaughlin@juarez.com,2017-02-09,452535,invalid_mobile;below_18
Robert Herman,Robert_Herman@kelley.com,1971/11/11,71171,invalid_mobile
Tina Suarez,Tina_Suarez@martinez.net,26-08-2008,48067279,below_18
James Myers,James_Myers@wilson-salinas.com,12/17/2015,11151,invalid_mobile;below_18
Dean Sullivan,Dean_Sullivan@rojas.org,09/05/1972,8007686,invalid_mobile
Joseph Lester,Joseph_Lester@sullivan-thompson.com,15-05-2011,6319230,invalid_mobile;below_18
Andrew Serrano,Andrew_Serrano@ford.com,26-07-1999,704097,invalid_mobile
Joel Alvarez,Joel_Alvarez@barber-underwood.com,11-12-1959,97361,invalid_mobile
Cindy Padilla,Cindy_Padilla@schmidt.com,2003/04/07,146169,invalid_mobile
Ryan Huerta,Ryan_Huerta@gibson-parker.com,1952/06/26,99966,invalid_mobile
John Stein,John_Stein@carroll.net,04/26/1960,53761,invalid_mobile
Joshua Macias,Joshua_Macias@barnes.com,10/13/1980,67346,invalid_mobile
Stuart Daniels,Stuart_Daniels@castro.com,03/17/2002,3855 1603,invalid_mobile
Nathan White,Nathan_White@friedman.com,04/19/1958,4196886,invalid_mobile
Matthew Thompson,Matthew_Thompson@casey.info,25-04-1958,7800262,invalid_mobile
Katherine Padilla,Katherine_Padilla@leach.biz,2012-06-12,83393263,below_18
Maria Rodriguez,Maria_Rodriguez@franklin-wells.net,1971-01-10,38641,invalid_mobile
John Booker DVM,John_Booker@lee-rodriguez.com,2012-03-16,287007,invalid_mobile;below_18
Jeffrey Nguyen,Jeffrey_Nguyen@poole.com,2013/09/22,716361,invalid_mobile;below_18
Jennifer Jackson,Jennifer_Jackson@griffin.com,02/17/1988,798099,invalid_mobile
Karen Ruiz,Karen_Ruiz@becker.com,21-07-1955,336843,invalid_mobile
Jeffrey Rodriguez,Jeffrey_Rodriguez@smith-pena.com,17-01-1951,13931,invalid_mobile
Andrew Garrett,Andrew_Garrett@burke.com,04/12/2006,59616,invalid_mobile;below_18
Melissa Allison,Melissa_Allison@watkins.info,2005/06/04,75546,invalid_mobile;below_18
Amber Haynes,Amber_Haynes@smith.com,07-10-1977,870567,invalid_mobile
William Jones,William_Jones@ford.com,2005-10-26,60103815,below_18
Steven Morton,Steven_Morton@barker.info,02-09-1954,576027,invalid_mobile
Kathy Erickson,Kathy_Erickson@martinez.com,2013-01-25,522855,invalid_mobile;below_18
Tammy Miller,Tammy_Miller@bennett.info,04/22/1963,97311,invalid_mobile
Steven Hill,Steven_Hill@ballard-mcintosh.com,2009-08-18,4852828,invalid_mobile;below_18
Gregory Carr,Gregory_Carr@carter-west.net,09-04-2002,61471,invalid_mobile
Elizabeth Vega,Elizabeth_Vega@davis.com,17-02-1988,97401,invalid_mobile
Samuel Shields,Samuel_Shields@buck.com,01/12/1990,2102654,invalid_mobile
Heather Simpson,Heather_Simpson@clarke.com,10/01/1984,8474138,invalid_mobile
Ashley Duncan,Ashley_Duncan@garza-ray.com,12/01/1950,961881,invalid_mobile
Matthew Kim,Matthew_Kim@smith-martinez.com,2015/03/24,2565662,invalid_mobile;below_18
Nicole Anderson,Nicole_Anderson@richards.com,08/30/1999,24391,invalid_mobile
Andrew Conley,Andrew_Conley@berry.com,1951/03/09,942057,invalid_mobile
Joshua Jones,Joshua_Jones@reed-melendez.com,1954-10-29,667101,invalid_mobile
Megan Frederick,Megan_Frederick@hammond-harmon.com,12/14/1990,152967,invalid_mobile
Shawn Yang,Shawn_Yang@edwards-roberts.com,06/21/1983,5127571,invalid_mobile
Jennifer Cruz,Jennifer_Cruz@garcia.com,08/15/2007,61291,invalid_mobile;below_18
Jerry Lewis,Jerry_Lewis@myers-bates.net,22-03-1967,332283,invalid_mobile
Mr. Gerald Hall PhD,Gerald_Hall@kim-chapman.com,10/07/1971,5395 4823,invalid_mobile
Lisa Williams,Lisa_Williams@sloan.com,11/04/1951,39921,invalid_mobile
Austin Dougherty,Austin_Dougherty@schmidt.com,08-11-2001,959925,invalid_mobile
Tiffany Khan,Tiffany_Khan@nelson-patterson.info,1958-03-02,9913520,invalid_mobile
Bradley Hanson,Bradley_Hanson@wolfe-guzman.com,2016-09-29,91001,invalid_mobile;below_18
Debra Lee,Debra_Lee@kelley.com,1953/07/16,4660202,invalid_mobile
Juan Ellison,Juan_Ellison@cole-castillo.com,12/22/2012,942585,invalid_mobile;below_18
Kristy Johnson,Kristy_Johnson@spencer.com,11/27/1981,11166,invalid_mobile
Micheal Castro,Micheal_Castro@beck.com,1986/11/10,95301,invalid_mobile
Scott Dunn,Scott_Dunn@sullivan.com,1963/07/07,7901188,invalid_mobile
Tyler Johnson,Tyler_Johnson@pearson.net,01/13/1958,6371660,invalid_mobile
Daniel Alexander,Daniel_Alexander@castro.com,04/10/1991,41841,invalid_mobile
Jennifer Powell,Jennifer_Powell@lambert.biz,1951-10-27,9321985,invalid_mobile
Stacy Wright,Stacy_Wright@jones-schneider.com,10/26/1964,560691,invalid_mobile
Jennifer Sosa,Jennifer_Sosa@buchanan.com,06/28/1991,2886367,invalid_mobile
Charles Hall,Charles_Hall@rogers.com,1952/04/29,8139657,invalid_mobile
Jennifer Ward,Jennifer_Ward@taylor-diaz.com,01/23/1998,936933,invalid_mobile
Courtney Jones,Courtney_Jones@brown.info,05-06-1970,932307,invalid_mobile
Ashley Sanders,Ashley_Sanders@goodman-lopez.com,05-10-1984,6350443,invalid_mobile
Monica Thomas,Monica_Thomas@wolfe-beasley.net,2001-02-27,810639,invalid_mobile
Stacey Johnston,Stacey_Johnston@torres.com,1972/10/18,267873,invalid_mobile
Matthew Fisher,Matthew_Fisher@foley.net,1950/03/14,98171,invalid_mobile
Stephen Caldwell,Stephen_Caldwell@george.info,1958/11/17,146649,invalid_mobile
Amanda Allen,Amanda_Allen@torres.biz,05/27/2011,8766451,invalid_mobile;below_18
Alexander Hampton,Alexander_Hampton@washington.com,13-07-1990,3053597,invalid_mobile
Brian Peters,Brian_Peters@ross.com,11/27/2018,89921,invalid_mobile;below_18
Brittany King,Brittany_King@robinson-dorsey.info,1976/12/22,78381,invalid_mobile
James Fuller,James_Fuller@whitney.biz,2015-03-26,584211,invalid_mobile;below_18
Kevin Hernandez,Kevin_Hernandez@green.net,10/02/1952,275769,invalid_mobile
Jason Sanders,Jason_Sanders@gardner-harris.com,1957/11/14,99026,invalid_mobile
Charles Garcia,Charles_Garcia@schmidt.info,2013-05-13,36061,invalid_mobile;below_18
Laura Martin,Laura_Martin@smith.com,27-10-2014,8766500,invalid_mobile;below_18
Joel Aguilar,Joel_Aguilar@vega-walker.biz,10/10/2006,2469755,invalid_mobile;below_18
Gina Simmons,Gina_Simmons@kelly.com,02/16/1973,75471,invalid_mobile
William White,William_White@white.com,21-02-2013,77500087,below_18
Matthew Odonnell,Matthew_Odonnell@baker.com,2010-09-26,5771767,invalid_mobile;below_18
Sara Barnett,Sara_Barnett@lucas.com,29-10-1957,855597,invalid_mobile
Stephanie Charles,Stephanie_Charles@ball.org,1960-11-05,9951565,invalid_mobile
Steven Barrett,Steven_Barrett@brooks-martinez.com,01/22/1954,361935,invalid_mobile
Margaret Buckley,Margaret_Buckley@mueller-silva.info,01-12-2017,93794391,below_18
Jesus Fisher,Jesus_Fisher@brown-cruz.com,06/22/1990,5416685,invalid_mobile
Travis Stone,Travis_Stone@reynolds-chapman.com,12/13/1963,536205,invalid_mobile
Joshua Tapia,Joshua_Tapia@jackson.org,1988/10/20,57396,invalid_mobile
Karen Smith,Karen_Smith@gonzalez.net,2015/01/07,84186,invalid_mobile;below_18
Kathryn Oconnell,Kathryn_Oconnell@fuller.com,1979-04-27,7146301,invalid_mobile
Sarah Wagner,Sarah_Wagner@escobar-watts.com,03-06-1980,73961,invalid_mobile
Sheryl Baker,Sheryl_Baker@smith.info,09/13/1988,6899005,invalid_mobile
Lisa Scott,Lisa_Scott@wheeler-medina.com,1984-07-11,56611,invalid_mobile
Tamara Mason,Tamara_Mason@graham-nixon.net,10/04/2010,9443 9255,invalid_mobile;below_18
Stephen Perez,Stephen_Perez@newton-diaz.com,09-09-1982,300441,invalid_mobile
Krystal Bell,Krystal_Bell@raymond-price.com,1960-02-01,60256,invalid_mobile
Maureen Davis,Maureen_Davis@stein.com,2008-04-20,31048375,below_18
Felicia Hammond,Felicia_Hammond@holmes.com,1984-01-20,53331,invalid_mobile
Ronald Harper,Ronald_Harper@nguyen.com,2016-11-29,82643711,below_18
Cody Marquez,Cody_Marquez@martinez.com,07/15/2010,924729,invalid_mobile;below_18
Kiara Bishop,Kiara_Bishop@griffin.biz,2006/03/23,28214223,below_18
Jesse Moss,Jesse_Moss@kirby.com,30-07-1961,242949,invalid_mobile
Maria Mcdonald,Maria_Mcdonald@clark.com,1996-04-01,9027572,invalid_mobile
John Murphy,John_Murphy@hall.com,2004/09/08,445743,invalid_mobile;below_18
Patricia Turner,Patricia_Turner@long-garcia.org,1986-01-06,53161,invalid_mobile
Reginald Martinez,Reginald_Martinez@dean.info,2000/12/14,41921,invalid_mobile
Stephanie Brewer,Stephanie_Brewer@roman.com,08/17/2001,18206,invalid_mobile
Kimberly Cooper,Kimberly_Cooper@wood-marshall.com,01/29/1994,904533,invalid_mobile
Vickie Stuart,Vickie_Stuart@stephens.biz,1972/07/16,368649,invalid_mobile
Louis Williams,Louis_Williams@young.com,2006-11-05,54396,invalid_mobile;below_18
Anthony Tapia,Anthony_Tapia@brown.info,1971/02/18,79096,invalid_mobile
Devin Pugh,Devin_Pugh@west-shaffer.com,2005/04/13,9144416,invalid_mobile;below_18
Sara Brown,Sara_Brown@mcgee.com,21-04-1980,41956,invalid_mobile
Tanya Gonzales,Tanya_Gonzales@page.com,2009-02-18,62351,invalid_mobile;below_18
Mrs. Nicole Thomas DDS,Nicole_Thomas@miller.com,11/04/2016,4798396,invalid_mobile;below_18
William Ward,William_Ward@carney.com,1996-04-21,89426,invalid_mobile
Ashley Cooper MD,Ashley_Cooper@parrish.org,2016-09-22,180855,invalid_mobile;below_18
Aaron Williams,Aaron_Williams@anderson.com,23-08-2016,1507031,invalid_mobile;below_18
Heather Robinson,Heather_Robinson@anderson.com,2011-04-12,2632064,invalid_mobile;below_18
Rick Fritz,Rick_Fritz@rivera.com,1968/02/19,758841,invalid_mobile
Michael Hill,Michael_Hill@cunningham.com,1993-09-22,71016,invalid_mobile
Ethan Garcia,Ethan_Garcia@martin-little.com,1951/05/22,42936,invalid_mobile
Hector Yates,Hector_Yates@rodriguez.com,1987/10/17,24891,invalid_mobile
Brandon Willis,Brandon_Willis@jensen-johnson.info,23-09-1997,89926,invalid_mobile
Holly Parker,Holly_Parker@kennedy.com,02/10/1956,49526,invalid_mobile
Karen Herring,Karen_Herring@koch.org,1991-03-14,24621,invalid_mobile
Michael Smith,Michael_Smith@tran.com,12/27/2014,423429,invalid_mobile;below_18
Ruben Lee,Ruben_Lee@terrell-lopez.org,03/03/1967,128325,invalid_mobile
Jennifer Taylor,Jennifer_Taylor@jones.com,2007/10/17,61551,invalid_mobile;below_18
Crystal Bryant,Crystal_Bryant@little-huff.com,05/08/1992,85026,invalid_mobile
Lori Guerrero,Lori_Guerrero@munoz-nguyen.com,2006-08-02,913761,invalid_mobile;below_18
Adam Silva,Adam_Silva@miles-campbell.com,27-06-1961,68381,invalid_mobile
Jose Mcbride,Jose_Mcbride@allen.com,05/18/2009,2471 8647,invalid_mobile;below_18
Ernest Simon,Ernest_Simon@allen.org,08/20/1965,88136,invalid_mobile
Lisa Hopkins,Lisa_Hopkins@carter-fisher.info,1956/10/18,1506429,invalid_mobile
Cory Riley,Cory_Riley@davis-stephens.com,1981/06/23,626853,invalid_mobile
Danny Davenport,Danny_Davenport@suarez.com,04/16/1995,445407,invalid_mobile
Zachary Day DDS,Zachary_Day@mora.com,25-03-2013,19063807,below_18
Michelle Lopez PhD,Michelle_Lopez@ortega-miller.com,2016/09/24,63712439,below_18
Molly Hodges,Molly_Hodges@mata-walker.biz,1952/04/29,642735,invalid_mobile
Tara Dudley,Tara_Dudley@kennedy-anderson.com,1982/01/06,706833,invalid_mobile
Keith Walsh,Keith_Walsh@henderson.com,1965-05-23,332439,invalid_mobile
Matthew Barrett,Matthew_Barrett@perry.org,1985/08/27,6202428,invalid_mobile
Leslie Pierce,Leslie_Pierce@hernandez.com,1987/06/05,6434058,invalid_mobile
Jonathon Marsh,Jonathon_Marsh@montoya.org,04/02/1968,59956,invalid_mobile
Kristin Dillon,Kristin_Dillon@bradshaw.net,07-09-1965,5533690,invalid_mobile
Stephanie Pierce,Stephanie_Pierce@moore-white.info,1963/04/26,26036,invalid_mobile
Amanda Parker,Amanda_Parker@brown.com,1975-03-10,30561,invalid_mobile
Patrick Johnson,Patrick_Johnson@payne.biz,08/28/1977,2428700,invalid_mobile
Jeffrey Lowery,Jeffrey_Lowery@smith.net,1990-05-16,969189,invalid_mobile
Bethany Morales,Bethany_Morales@davis-sharp.org,2017/07/26,97581,invalid_mobile;below_18
Andrea Dennis,Andrea_Dennis@smith-goodman.com,09/26/1957,1715 3399,invalid_mobile
Kevin Campos,Kevin_Campos@sandoval.com,1978/07/24,9641115,invalid_mobile
Katie Parks,Katie_Parks@rios.com,04/22/1975,9060388,invalid_mobile
Lucas Graham,Lucas_Graham@jones.com,1986/01/21,86576,invalid_mobile
Evan Anderson,Evan_Anderson@thomas-krause.com,2002-10-19,36526,invalid_mobile
Donna Pineda,Donna_Pineda@knight-abbott.org,1985/02/14,50481,invalid_mobile
Connie Berger,Connie_Berger@edwards-nelson.biz,1959/06/07,655509,invalid_mobile
Todd Jordan,Todd_Jordan@henry-moss.org,1972-12-29,8817726,invalid_mobile
Allison Baxter,Allison_Baxter@leonard-pena.net,1951/07/13,969573,invalid_mobile
Connie Rogers,Connie_Rogers@fisher-murphy.com,1967-10-26,1782152,invalid_mobile
Erin Berger,Erin_Berger@morton.com,02-03-2008,778611,invalid_mobile;below_18
Christina Schneider,Christina_Schneider@patterson-erickson.com,30-04-1993,551649,invalid_mobile
Jeremy Krueger,Jeremy_Krueger@haley.com,07/15/1983,3735 8751,invalid_mobile
Michael Bailey,Michael_Bailey@bowers-perez.net,1953/08/14,1129934,invalid_mobile
Nancy Wood,Nancy_Wood@hendricks-rivers.com,30-01-1953,70476,invalid_mobile
Ruben Wise,Ruben_Wise@lee.info,1977-01-31,53096,invalid_mobile
Robert Thomas,Robert_Thomas@williams-williams.com,1965/01/02,626001,invalid_mobile
Heidi Elliott,Heidi_Elliott@drake-gutierrez.net,2006-05-23,19354303,below_18
Colleen Barnes,Colleen_Barnes@brooks.com,05/21/1952,770223,invalid_mobile
Evan Stephens,Evan_Stephens@scott-mosley.com,14-01-2007,61356,invalid_mobile;below_18
Yvonne Terrell,Yvonne_Terrell@washington.com,1963/03/11,9856442,invalid_mobile
David Cooper,David_Cooper@martin.net,1979/08/26,464661,invalid_mobile
Philip Hudson,Philip_Hudson@taylor.com,1982-07-13,322299,invalid_mobile
Ryan Miller,Ryan_Miller@brown.net,03/11/1981,9908018,invalid_mobile
Michelle Benson,Michelle_Benson@kennedy.com,1990-05-23,546069,invalid_mobile
Anthony Spencer,Anthony_Spencer@allen-coleman.org,2004/07/26,68760767,below_18
Brandon Harrison,Brandon_Harrison@hill.com,19-10-1996,3354947,invalid_mobile
Kayla Mendoza,Kayla_Mendoza@graham-salazar.net,09/26/1999,53541,invalid_mobile
Robert Austin,Robert_Austin@gomez.com,07/01/2008,36266,invalid_mobile;below_18
Lisa Tucker,Lisa_Tucker@flynn.org,17-11-1977,791799,invalid_mobile
Joseph Mcintyre,Joseph_Mcintyre@becker.org,09-11-1973,880269,invalid_mobile
Cynthia Crawford,Cynthia_Crawford@turner.com,1964/06/02,13121,invalid_mobile
Debra Reeves,Debra_Reeves@mccall-gonzalez.com,15-06-1974,882759,invalid_mobile
Richard Terry,Richard_Terry@berry.com,25-08-1955,22206,invalid_mobile
Laura Adams,Laura_Adams@lucas.info,1984-09-17,5502918,invalid_mobile
Jeffery Coleman,Jeffery_Coleman@andrews.net,12/08/1962,1617911,invalid_mobile
James Wright,James_Wright@shelton.com,2006/05/03,25651,invalid_mobile;below_18
Michael Baird,Michael_Baird@smith-young.com,1959/03/18,651537,invalid_mobile
Andrea Campbell,Andrea_Campbell@solis.com,1962-06-17,1221060,invalid_mobile
Melissa Donaldson,Melissa_Donaldson@mccormick.com,03-09-1963,3177427,invalid_mobile
Debra Brown,Debra_Brown@warner-pennington.com,07/01/2016,8367 7195,invalid_mobile;below_18
Jesse Flores,Jesse_Flores@hickman.com,03-06-1977,776475,invalid_mobile
Keith White,Keith_White@roberts.com,10-03-1984,2542485,invalid_mobile
Nicole Watson,Nicole_Watson@simmons.info,07/12/1966,2259 9395,invalid_mobile
Mr. Danny Bennett PhD,Danny_Bennett@moore.com,2010/10/27,40173007,below_18
Isabel Young,Isabel_Young@villegas-anderson.com,1980/07/23,245535,invalid_mobile
Rebecca Guzman,Rebecca_Guzman@ray-smith.com,1971-11-14,618423,invalid_mobile
Jason Robinson,Jason_Robinson@thomas.net,03/18/1977,9942031,invalid_mobile
Jason Carpenter,Jason_Carpenter@barrera.biz,1971/03/04,237465,invalid_mobile
Teresa Warren,Teresa_Warren@singleton-hensley.info,02/19/1980,4595683,invalid_mobile
Tammy Berg,Tammy_Berg@wilson.org,1988/02/02,129261,invalid_mobile
Allison Sloan,Allison_Sloan@cruz.net,1961/10/06,38801,invalid_mobile
Hannah Jones,Hannah_Jones@warren.net,09-09-2010,77361,invalid_mobile;below_18
Gina Perez,Gina_Perez@cox-smith.org,18-05-1974,54546,invalid_mobile
Jennifer Wilson,Jennifer_Wilson@clayton-lewis.net,1980/09/29,8476000,invalid_mobile
Donald Brown,Donald_Brown@burke.com,01/05/1997,5310390,invalid_mobile
Brianna Thomas,Brianna_Thomas@miller.com,1972/10/20,615591,invalid_mobile
Jeffery Hicks,Jeffery_Hicks@potts.com,04/16/1980,25241,invalid_mobile
Kristi Barrera,Kristi_Barrera@benson.com,1995-11-15,70986,invalid_mobile
Ashley Hall,Ashley_Hall@ortiz.com,1963-03-09,5050158,invalid_mobile
William Ross,William_Ross@tate-brown.org,12/29/1994,9303939,invalid_mobile
Sharon Rogers,Sharon_Rogers@rasmussen.com,2012-02-04,23589303,below_18
Samantha Reyes,Samantha_Reyes@daniel.info,2013/06/14,2561833,invalid_mobile;below_18
Jesse Brown,Jesse_Brown@townsend-wilcox.net,1986/03/19,3859381,invalid_mobile
Sharon Carroll,Sharon_Carroll@bell.net,2010-06-01,3078629,invalid_mobile;below_18
Julia Mueller,Julia_Mueller@norris.com,1954-09-21,22641,invalid_mobile
Amanda Adams,Amanda_Adams@ponce.info,2018-07-30,9034467,invalid_mobile;below_18
Luis Beck,Luis_Beck@hall-gardner.info,1989/01/01,203877,invalid_mobile
Dustin Cohen,Dustin_Cohen@spears.com,2009-11-02,78581,invalid_mobile;below_18
John Wright,John_Wright@peterson.com,1952/07/15,8902167,invalid_mobile
Andrew Hansen,Andrew_Hansen@williams-stanton.org,09-07-1957,58111,invalid_mobile
Teresa Kane,Teresa_Kane@pacheco.com,2000-06-24,52481,invalid_mobile
Steve Chavez,Steve_Chavez@golden.org,1970/07/11,48246,invalid_mobile
Heather Miller,Heather_Miller@taylor.net,01/28/1953,3703 5727,invalid_mobile
Kevin Carter,Kevin_Carter@snyder-patel.com,1983/08/31,60941,invalid_mobile
Alec Davis,Alec_Davis@dalton.net,09-06-2016,8348698,invalid_mobile;below_18
David Mitchell,David_Mitchell@collier.com,1969/05/15,6315058,invalid_mobile
Janet Ramsey,Janet_Ramsey@watkins-johnson.com,01/04/1964,319575,invalid_mobile
Joe Clark,Joe_Clark@shaw-flores.com,07/21/1957,91016,invalid_mobile
Jared Stephens,Jared_Stephens@richards.net,2005/04/10,46096,invalid_mobile;below_18
Ernest Fisher,Ernest_Fisher@huber-jones.info,1984-11-25,69906,invalid_mobile
Heather Anderson,Heather_Anderson@phillips.com,1981/10/17,14946,invalid_mobile
Robert White,Robert_White@yang.com,09/06/1966,80151,invalid_mobile
Brenda Gonzales,Brenda_Gonzales@silva.info,01-01-1973,4777781,invalid_mobile
Julia Price,Julia_Price@mcclure-welch.biz,1990/10/04,77046,invalid_mobile
Bethany Keller,Bethany_Keller@butler.com,09-10-2004,8119637,invalid_mobile;below_18
Andrew Hughes,Andrew_Hughes@brown.org,27-06-1994,636603,invalid_mobile
Kevin Cook,Kevin_Cook@cox-stewart.com,09/13/1978,7123 9915,invalid_mobile
Jessica Lloyd,Jessica_Lloyd@johnston-holland.com,2005-03-10,53471,invalid_mobile;below_18
Tiffany Mathews,Tiffany_Mathews@beard.com,11/13/1993,304497,invalid_mobile
Brenda Orr,Brenda_Orr@dominguez.com,2015-05-20,58431,invalid_mobile;below_18
Raymond Bryant,Raymond_Bryant@garrett.com,08-02-1987,720489,invalid_mobile
Cynthia Hill,Cynthia_Hill@stark.org,12/09/1995,77741,invalid_mobile
Brenda Martin,Brenda_Martin@howard.biz,03/02/1959,3995146,invalid_mobile
Morgan Martin,Morgan_Martin@hicks.info,27-02-1951,363111,invalid_mobile
Kelly Jones,Kelly_Jones@russell.com,1965-09-15,70456,invalid_mobile
Garrett Cortez,Garrett_Cortez@powell-meyer.biz,2005/02/04,46771,invalid_mobile;below_18
Sean Munoz,Sean_Munoz@bell.com,1952-12-01,4136329,invalid_mobile
Jennifer Kennedy,Jennifer_Kennedy@thompson-pollard.com,01/02/1963,6928181,invalid_mobile
Ryan Rogers,Ryan_Rogers@walker-green.com,2004/04/22,1594209,invalid_mobile;below_18
Mary Moore,Mary_Moore@knight.info,07/20/1967,5107 3987,invalid_mobile
Kimberly Gomez,Kimberly_Gomez@robinson-becker.com,2014-03-04,35756,invalid_mobile;below_18
Gregory Russell,Gregory_Russell@johnson.com,10/30/1968,9921787,invalid_mobile
Jenna Conway,Jenna_Conway@powers.com,06/08/2018,935067,invalid_mobile;below_18
Paula Taylor,Paula_Taylor@roberts.org,05/25/2003,84436,invalid_mobile
Sherry Davis,Sherry_Davis@dixon-jones.com,1966/05/27,928305,invalid_mobile
Angela Pope,Angela_Pope@ayala.net,03/06/1999,902553,invalid_mobile
Alicia Petersen,Alicia_Petersen@hart.com,2002-05-05,2301762,invalid_mobile
Jerry Castillo,Jerry_Castillo@graham.com,1960/12/02,3806531,invalid_mobile
Mary Hernandez DDS,Mary_Hernandez@shaw.com,1975/05/26,736977,invalid_mobile
Jessica Morton,Jessica_Morton@massey-hall.com,1972-07-16,842511,invalid_mobile
Derrick Lane,Derrick_Lane@yates.com,09/16/1989,6583 7219,invalid_mobile
Jennifer Daniels,Jennifer_Daniels@cobb.info,1986/07/13,9581111,invalid_mobile
Troy Taylor,Troy_Taylor@evans.com,1994/01/05,87921,invalid_mobile
Travis Dixon,Travis_Dixon@lynn.com,07-03-1991,63841,invalid_mobile
Ana Garcia,Ana_Garcia@fisher-barnes.info,2015/05/29,394749,invalid_mobile;below_18
Robin Johns,Robin_Johns@wright.com,05/16/2016,7412539,invalid_mobile;below_18
Jacqueline Campbell,Jacqueline_Campbell@anderson.biz,18-10-1998,89806,invalid_mobile
Sonya Oconnor,Sonya_Oconnor@swanson.biz,02/04/1954,275283,invalid_mobile
Timothy Simmons,Timothy_Simmons@ramirez.com,1982-12-16,8586068,invalid_mobile
Nicholas Davenport,Nicholas_Davenport@collier.org,2012-02-17,7029562,invalid_mobile;below_18
Ashley Norris,Ashley_Norris@ramos.com,2004/05/30,300135,invalid_mobile;below_18
Stephanie Ferguson,Stephanie_Ferguson@gonzalez-rogers.net,04-10-2001,363303,invalid_mobile
Stephen Gibson,Stephen_Gibson@cantrell.com,2000/01/17,199677,invalid_mobile
Pamela Flores,Pamela_Flores@smith.org,07/16/1953,98051,invalid_mobile
Alexandra Marshall,Alexandra_Marshall@martinez-rogers.com,08-07-1969,2044883,invalid_mobile
Cynthia Burns,Cynthia_Burns@riley-gardner.com,08/13/1988,7757156,invalid_mobile
Vincent Robles,Vincent_Robles@lopez.com,29-12-1985,172791,invalid_mobile
Richard Randall,Richard_Randall@avery.biz,1951/05/18,1467600,invalid_mobile
Lisa Christian,Lisa_Christian@chang-hernandez.com,1976-03-25,870465,invalid_mobile
Robert Butler,Robert_Butler@weiss-scott.biz,05/21/2000,6623 4759,invalid_mobile
Lori Wilson,Lori_Wilson@kelly.com,16-02-2016,207231,invalid_mobile;below_18
Jacob Marks,Jacob_Marks@willis.org,24-09-1972,40766,invalid_mobile
Michael Smith,Michael_Smith@stephens.info,1977/01/03,623181,invalid_mobile
Thomas Mata,Thomas_Mata@brewer.com,2005-06-30,28761,invalid_mobile;below_18
Laura Ramos,Laura_Ramos@johnson.net,1964/06/09,858435,invalid_mobile
Sean White,Sean_White@peterson.com,04/18/1995,388377,invalid_mobile
Nathaniel Martin,Nathaniel_Martin@harrison-williamson.com,1990-11-02,204279,invalid_mobile
Richard Jones,Richard_Jones@jones.com,03/07/2000,58736,invalid_mobile
Joshua Beard,Joshua_Beard@smith.com,1979-12-15,8535822,invalid_mobile
Isabel Schmidt,Isabel_Schmidt@santana.biz,1978-08-20,3811900,invalid_mobile
Albert Jefferson,Albert_Jefferson@diaz-bailey.com,11/17/1984,3291 9607,invalid_mobile
Cynthia Cannon,Cynthia_Cannon@crawford.org,2017/02/09,5139835,invalid_mobile;below_18
Ryan Miller,Ryan_Miller@farley.biz,23-03-2000,96881,invalid_mobile
Thomas Lyons,Thomas_Lyons@carter-jackson.biz,28-02-2017,83116,invalid_mobile;below_18
Michael Silva,Michael_Silva@stevenson.biz,22-09-2007,774411,invalid_mobile;below_18
Donna Hill,Donna_Hill@beard-mcdonald.org,04/16/1955,2546398,invalid_mobile
Marcus Fisher,Marcus_Fisher@sanders.org,2012-06-22,79101911,below_18
Dale Williams,Dale_Williams@wright.com,2009/03/13,95221,invalid_mobile;below_18
Adam Smith,Adam_Smith@reed-smith.org,05/29/1984,2775 6583,invalid_mobile
Jason Fritz,Jason_Fritz@wright-calderon.info,08-12-1988,3216207,invalid_mobile
Ann Williams,Ann_Williams@garrett-gardner.com,12-05-1966,38531,invalid_mobile
Roberta Hebert,Roberta_Hebert@lewis-avila.com,28-05-1995,41946,invalid_mobile
Mallory Bennett,Mallory_Bennett@long-davis.biz,2010-11-17,93423735,below_18
Jamie Bowman MD,Jamie_Bowman@williams-mercer.com,12-07-1984,2083936,invalid_mobile
Robert Rodriguez,Robert_Rodriguez@bishop-thomas.biz,1982-09-16,958059,invalid_mobile
Brenda Martinez,Brenda_Martinez@williams.com,1990-01-27,93706,invalid_mobile
Jonathan Lowery,Jonathan_Lowery@hernandez.com,05/16/2011,918267,invalid_mobile;below_18
Joshua Gordon,Joshua_Gordon@chambers.biz,1965/10/02,2250564,invalid_mobile
Jessica Ferguson,Jessica_Ferguson@young.com,01/29/1967,7803 3235,invalid_mobile
Christopher Lee,Christopher_Lee@contreras.org,2002-05-11,3433032,invalid_mobile
Carlos Powell,Carlos_Powell@brown-martinez.biz,2017-09-03,37956,invalid_mobile;below_18
Michael White,Michael_White@haynes-garza.net,03/18/1991,54361,invalid_mobile
Melissa Patel,Melissa_Patel@marsh-oneal.org,1982/09/02,860307,invalid_mobile
Ryan Jimenez,Ryan_Jimenez@lyons.com,05/28/1978,939567,invalid_mobile
Jacob Jones,Jacob_Jones@castillo.net,1996-02-24,8943159,invalid_mobile
Michele Walters,Michele_Walters@chase.org,08/24/2007,1256480,invalid_mobile;below_18
Lonnie Mccarty,Lonnie_Mccarty@marshall.org,07-02-1964,6079515,invalid_mobile
Michelle Guerrero,Michelle_Guerrero@perry.com,07/22/1994,4095813,invalid_mobile
Sarah Baker,Sarah_Baker@cook.com,20-06-1958,2973629,invalid_mobile
Michelle Becker PhD,Michelle_Becker@snyder.com,1968-08-10,5440163,invalid_mobile
Jonathan Matthews,Jonathan_Matthews@carter.info,2009/06/02,2588776,invalid_mobile;below_18
Jade Anderson,Jade_Anderson@johnston.com,1994/08/09,7830215,invalid_mobile
Deborah Johnson,Deborah_Johnson@allen-wise.info,1957-04-29,9390914,invalid_mobile
Austin Church,Austin_Church@mooney.biz,05/06/1993,818415,invalid_mobile
Alyssa Ferguson,Alyssa_Ferguson@holmes.com,04-10-2004,64014879,below_18
Nicholas Palmer,Nicholas_Palmer@anderson-mccann.biz,10-08-1990,7871844,invalid_mobile
David Anderson,David_Anderson@hill.info,2013/03/01,68911,invalid_mobile;below_18
Connie English,Connie_English@finley.info,2006-08-07,47821,invalid_mobile;below_18
Jeffrey Williams,Jeffrey_Williams@floyd-lynch.com,1978-06-14,7810342,invalid_mobile
Jonathan Smith,Jonathan_Smith@crawford-luna.com,1992/09/23,7122494,invalid_mobile
Nicole Martinez,Nicole_Martinez@mckenzie.com,10/28/1973,807969,invalid_mobile
Brian Castro,Brian_Castro@lee-sherman.com,1981-10-23,326025,invalid_mobile
Michael Washington,Michael_Washington@hicks.net,10/30/1981,95266,invalid_mobile
Elizabeth George,Elizabeth_George@kramer.org,13-08-1964,48841,invalid_mobile
Scott Jackson,Scott_Jackson@willis.com,11/08/2013,335067,invalid_mobile;below_18
Christopher Johnson,Christopher_Johnson@johnson.com,14-07-1998,48781,invalid_mobile
Shelby Robles,Shelby_Robles@carpenter.com,2013-08-16,59787175,below_18
Alfred Price,Alfred_Price@wright.com,2015/12/29,684627,invalid_mobile;below_18
Kathleen Bates,Kathleen_Bates@galloway.com,1966-02-20,533883,invalid_mobile
Dawn Lawson,Dawn_Lawson@mitchell-newton.com,1970/09/08,574731,invalid_mobile
Valerie Calderon,Valerie_Calderon@snyder.com,27-09-2000,22476,invalid_mobile
Sharon Singleton,Sharon_Singleton@nichols-henderson.com,24-08-1970,99406,invalid_mobile
Christina Simmons,Christina_Simmons@baker-white.com,07/21/1986,80321,invalid_mobile
Sarah Smith,Sarah_Smith@sims.com,05/02/1961,599163,invalid_mobile
Christina Hernandez,Christina_Hernandez@ruiz.org,1989/05/16,7791456,invalid_mobile
William Scott,William_Scott@taylor.biz,18-04-1962,44661,invalid_mobile
Katherine George,Katherine_George@haynes.biz,06-07-1975,5313134,invalid_mobile
Patricia Murray,Patricia_Murray@burke.net,1988-12-23,1363811,invalid_mobile
Kelsey King,Kelsey_King@mccarthy-bowman.info,2016/08/26,8185234,invalid_mobile;below_18
Joseph Singleton,Joseph_Singleton@figueroa-myers.com,06-08-1966,4913826,invalid_mobile
Amy Reed,Amy_Reed@barajas-wise.com,08/09/2018,44366,invalid_mobile;below_18
Kelly Johnson,Kelly_Johnson@ramsey.info,2001/12/19,2721370,invalid_mobile
Luke Lyons,Luke_Lyons@davis.com,17-01-2014,89456095,below_18
Randy Johns,Randy_Johns@rodriguez.com,2015/01/23,15616,invalid_mobile;below_18
Joshua Hogan,Joshua_Hogan@baker.com,2013-12-10,642915,invalid_mobile;below_18
Ricardo Leon,Ricardo_Leon@white-hernandez.net,2013-04-23,3905406,invalid_mobile;below_18
Wendy Perry MD,Wendy_Perry@burke-johnson.biz,04/22/1965,1559503,invalid_mobile
Amy Decker,Amy_Decker@bates-davis.com,1968-05-17,86231,invalid_mobile
Karen Crane,Karen_Crane@garcia-brown.net,2004/12/13,959649,invalid_mobile;below_18
George Garcia,George_Garcia@fuller.biz,04-08-1997,585873,invalid_mobile
Sherry Flores,Sherry_Flores@velasquez.biz,07/19/1962,1909944,invalid_mobile
Timothy Boyle,Timothy_Boyle@roach.net,06/08/1984,4903 3195,invalid_mobile
Julia Patrick,Julia_Patrick@haynes.org,12/25/1963,44201,invalid_mobile
Joshua Clark,Joshua_Clark@allen.com,04/22/1968,753765,invalid_mobile
Melissa Jackson,Melissa_Jackson@ford-thompson.org,2018-01-16,28591,invalid_mobile;below_18
Elizabeth Estes,Elizabeth_Estes@riggs.org,2011-09-07,15711,invalid_mobile;below_18
Erin Clark,Erin_Clark@moreno.com,1975-04-27,7953499,invalid_mobile
Cynthia Smith,Cynthia_Smith@patel-moore.com,09-02-1957,396567,invalid_mobile
Stacy Anderson,Stacy_Anderson@hamilton-james.info,31-01-1967,1520394,invalid_mobile
Elizabeth Brown,Elizabeth_Brown@fernandez-mcclure.com,1982-11-22,8171115,invalid_mobile
Christine Murray,Christine_Murray@matthews.com,01/25/2001,6362308,invalid_mobile
James Golden,James_Golden@henderson.com,03-06-1966,692271,invalid_mobile
Matthew Andersen,Matthew_Andersen@clark.biz,17-10-1987,654225,invalid_mobile
Jonathan Parker,Jonathan_Parker@guerrero-garcia.net,2013-09-04,6040210,invalid_mobile;below_18
Richard Warren,Richard_Warren@ibarra-woods.com,2005-07-06,88766,invalid_mobile;below_18
Sandra Vargas,Sandra_Vargas@montgomery.com,2014/06/02,248151,invalid_mobile;below_18
Kendra Martinez,Kendra_Martinez@lewis-rodriguez.com,08-04-1973,6730508,invalid_mobile
Adam Foster,Adam_Foster@jackson-adams.biz,04/16/2018,7559154,invalid_mobile;below_18
Shelly Fritz,Shelly_Fritz@davis.info,1969-11-09,7769770,invalid_mobile
Maria Blanchard,Maria_Blanchard@bryant-bullock.info,1978/02/09,4091564,invalid_mobile
Mandy Greer,Mandy_Greer@williams.info,12-06-2013,969459,invalid_mobile;below_18
Martin Jones,Martin_Jones@schaefer.net,23-04-1969,5236638,invalid_mobile
Robert Morris,Robert_Morris@rice.net,10/26/2013,554439,invalid_mobile;below_18
Nicole Lewis,Nicole_Lewis@dean-cook.com,18-01-2009,337263,invalid_mobile;below_18
Christine Wright,Christine_Wright@green-juarez.com,09-08-1964,4398024,invalid_mobile
David Robinson,David_Robinson@thompson-franco.org,05/25/2004,58876,invalid_mobile;below_18
Christopher Case,Christopher_Case@joseph-steele.com,1963/04/17,62311,invalid_mobile
Mark Ward,Mark_Ward@wells-nolan.net,1978-09-01,567795,invalid_mobile
Dana Phillips,Dana_Phillips@villarreal-gray.com,11/08/1964,459291,invalid_mobile
John Jensen,John_Jensen@thomas-davidson.info,03/08/2002,409647,invalid_mobile
Michelle Robinson,Michelle_Robinson@harper.com,2010-11-18,32982943,below_18
Michael Simmons,Michael_Simmons@lee-gates.com,1984/10/03,172137,invalid_mobile
Cynthia Ortiz MD,Cynthia_Ortiz@mathis.com,07/06/1959,9159 1279,invalid_mobile
Luis Woods,Luis_Woods@frank-jackson.com,01/03/1969,4875046,invalid_mobile
Mitchell Glover,Mitchell_Glover@wagner.info,1967-03-14,4718386,invalid_mobile
Sarah Thompson,Sarah_Thompson@cooper-rowe.com,12/16/2014,7803 9819,invalid_mobile;below_18
Julie Brown,Julie_Brown@lloyd.com,15-09-2017,60331,invalid_mobile;below_18
Gregory Hayes,Gregory_Hayes@austin-gonzalez.com,1981-08-15,5082162,invalid_mobile
James Rice,James_Rice@cooley.com,1953/05/05,8076958,invalid_mobile
Gabriel Jackson,Gabriel_Jackson@ward.com,1987/09/21,3836477,invalid_mobile
Melissa Valdez,Melissa_Valdez@martinez-anderson.com,11-05-2010,9213751,invalid_mobile;below_18
Thomas Mullen,Thomas_Mullen@barton.com,1980/01/08,1356986,invalid_mobile
Dawn Smith,Dawn_Smith@white-russell.info,1962-10-19,51771,invalid_mobile
Lisa Glover,Lisa_Glover@middleton-leach.com,2010-05-18,3547468,invalid_mobile;below_18
Anna Austin,Anna_Austin@mcguire.com,11/22/1999,8375 8091,invalid_mobile
Katherine Pierce,Katherine_Pierce@andrade.com,09/26/2012,59446,invalid_mobile;below_18
Wayne Keller,Wayne_Keller@schultz.com,05/13/1991,81756,invalid_mobile
Steven Morgan,Steven_Morgan@cooper-leonard.com,2011/11/24,76480319,below_18
Zachary Thompson,Zachary_Thompson@house.biz,10/06/1975,2760031,invalid_mobile
Joel Clark,Joel_Clark@mcclain.com,07/12/1958,6515 9231,invalid_mobile
Matthew Gutierrez,Matthew_Gutierrez@garcia-henderson.com,1990/04/21,735321,invalid_mobile
Stephanie Mcdonald,Stephanie_Mcdonald@carr.com,1968/12/15,51086,invalid_mobile
Robert Heath,Robert_Heath@jenkins-thomas.org,12-07-2006,121323,invalid_mobile;below_18
Lindsey Gonzalez,Lindsey_Gonzalez@branch.com,25-05-2015,3807595,invalid_mobile;below_18
Deborah Olson,Deborah_Olson@greene.com,08/05/1957,9211 8339,invalid_mobile
Claire Reeves,Claire_Reeves@pierce.com,1975/04/21,140337,invalid_mobile
Brandy Watson,Brandy_Watson@vargas-walker.com,1969/10/10,855987,invalid_mobile
Jason Wilson,Jason_Wilson@mason.com,1988-03-25,8667821,invalid_mobile
Heather Garcia,Heather_Garcia@patrick-kelley.com,1954/11/29,9172430,invalid_mobile
Kathleen Chavez,Kathleen_Chavez@fitzgerald-olson.biz,1960-05-06,78876,invalid_mobile
Samantha Shepard,Samantha_Shepard@larson.com,02/08/2007,2099 8183,invalid_mobile;below_18
Shaun Dougherty,Shaun_Dougherty@reyes-cooper.com,05-05-1973,5841235,invalid_mobile
Amber Young,Amber_Young@morales-white.com,22-09-1953,345987,invalid_mobile
Jonathan Wilkerson,Jonathan_Wilkerson@lewis.biz,1987-05-05,899433,invalid_mobile
Robert Rivas,Robert_Rivas@sutton.com,08/08/1979,96701,invalid_mobile
Anthony Moore,Anthony_Moore@harris.com,1994/05/29,422439,invalid_mobile
Jeffrey Hill,Jeffrey_Hill@myers.com,10-04-2015,60561,invalid_mobile;below_18
Michael Love,Michael_Love@rodriguez-martinez.net,03/21/2002,4103 3095,invalid_mobile
Amber Stone,Amber_Stone@walker.com,1973-09-29,459441,invalid_mobile
Amy Roach,Amy_Roach@thomas.org,2011/02/10,752781,invalid_mobile;below_18
Christy Gilbert,Christy_Gilbert@sanders.net,10/07/1975,882963,invalid_mobile
Caroline Grimes,Caroline_Grimes@cooper.com,1955-11-09,281277,invalid_mobile
David Oconnell,David_Oconnell@carpenter-cooper.com,01/10/2017,88501,invalid_mobile;below_18
Kayla Porter,Kayla_Porter@blackwell.org,1981-05-29,313557,invalid_mobile
Phillip Stewart,Phillip_Stewart@mcfarland-kim.com,1963/08/31,614103,invalid_mobile
David Schneider,David_Schneider@garcia.biz,1998-09-07,9586998,invalid_mobile
Michael Porter,Michael_Porter@shepherd.org,06/14/1977,6963 5251,invalid_mobile
Melissa Freeman,Melissa_Freeman@roman.biz,1956-12-04,338715,invalid_mobile
Erica Richardson,Erica_Richardson@bryant-paul.net,08/12/1999,724251,invalid_mobile
Jeanette Hood DVM,Jeanette_Hood@bryant.info,1988-10-20,84161,invalid_mobile
Douglas Thompson,Douglas_Thompson@gonzalez-sparks.com,1989/12/21,5969958,invalid_mobile
Jerry Torres,Jerry_Torres@nichols.com,01/29/2008,4855 4759,invalid_mobile;below_18
Jason Harmon,Jason_Harmon@jones.com,08/15/1986,8599718,invalid_mobile
Donna Dixon,Donna_Dixon@nunez-kim.com,07-11-2014,23338919,below_18
Anthony Brady,Anthony_Brady@gonzales.com,1980/10/19,7228201,invalid_mobile
Samantha Mendoza,Samantha_Mendoza@hamilton.com,2001-10-22,9850737,invalid_mobile
Stephanie King,Stephanie_King@torres-goodwin.org,06/18/1960,3827629,invalid_mobile
Sara Carter,Sara_Carter@sanford-cruz.net,31-12-1995,88646,invalid_mobile
Alex Clay,Alex_Clay@johnson.com,2002-08-21,25231,invalid_mobile
Ryan Harrell,Ryan_Harrell@thornton.com,08-11-2013,92581903,below_18
David Garcia,David_Garcia@burch.com,04/30/2015,59266,invalid_mobile;below_18
Michael Nguyen,Michael_Nguyen@mcintyre-bird.com,12/30/1998,55721,invalid_mobile
Austin Andrade,Austin_Andrade@walton-vasquez.com,23-01-1990,870849,invalid_mobile
Andrea Ray,Andrea_Ray@roberts.com,20-07-1971,341925,invalid_mobile
Adrienne Tucker,Adrienne_Tucker@martinez-hernandez.biz,01-06-1999,788901,invalid_mobile
Johnny Lee,Johnny_Lee@sims.com,1973-03-28,8541149,invalid_mobile
Jeffrey Walter,Jeffrey_Walter@dillon.com,1959/03/09,2748068,invalid_mobile
Anthony Rivera,Anthony_Rivera@hines-flores.info,2008/09/21,278973,invalid_mobile;below_18
Mary Whitehead,Mary_Whitehead@aguilar.com,26-12-1953,52216,invalid_mobile
Robert Williams,Robert_Williams@alvarez-stein.com,02/22/1995,27876,invalid_mobile
Judy Johnson,Judy_Johnson@sullivan.info,1976-08-27,887421,invalid_mobile
Janet Kelly,Janet_Kelly@lloyd.com,2008/11/08,46886,invalid_mobile;below_18
Angie Meyers,Angie_Meyers@burgess.biz,2014/09/10,87081,invalid_mobile;below_18
Sandra Lewis,Sandra_Lewis@keller-henry.info,12/24/1995,80811,invalid_mobile
Kim Brady,Kim_Brady@nguyen.info,1979/05/18,17866,invalid_mobile
Kimberly Fox,Kimberly_Fox@zuniga.com,1955/05/06,8062881,invalid_mobile
James Daniel,James_Daniel@adams-anderson.com,2004/11/21,570429,invalid_mobile;below_18
Sandra Ortiz,Sandra_Ortiz@hudson.org,1984/12/13,2342768,invalid_mobile
Jason Perez,Jason_Perez@garrison-best.com,22-07-2008,5285323,invalid_mobile;below_18
Jonathan Barnes,Jonathan_Barnes@howard.com,12/20/1958,92446,invalid_mobile
Laura Sanford,Laura_Sanford@obrien-rogers.net,1973-07-02,179259,invalid_mobile
Joseph Bryant,Joseph_Bryant@anderson-gonzalez.biz,01/16/1975,8315 5355,invalid_mobile
Stephanie Thompson,Stephanie_Thompson@pope-smith.com,01/10/1955,19831,invalid_mobile
Angela Smith,Angela_Smith@bell.net,1971/06/28,575241,invalid_mobile
Brenda Cummings,Brenda_Cummings@alvarez.com,1968-01-03,227907,invalid_mobile
Kristin Novak,Kristin_Novak@weaver.com,04/02/1993,6612985,invalid_mobile
Thomas Williams,Thomas_Williams@burgess.org,13-04-1950,1176288,invalid_mobile
Robert Briggs,Robert_Briggs@aguilar-martinez.com,12/29/1962,4942162,invalid_mobile
Keith Craig,Keith_Craig@baldwin-ross.com,1980-06-11,50901,invalid_mobile
Sergio Zuniga II,Sergio_Zuniga@phillips.com,2014/02/15,639765,invalid_mobile;below_18
Joy Aguilar,Joy_Aguilar@chavez.com,1980/10/29,506211,invalid_mobile
Gerald White,Gerald_White@phelps.com,1975-05-30,843819,invalid_mobile
Robert Velasquez,Robert_Velasquez@ramirez-davis.biz,05/06/1998,4535 3591,invalid_mobile
Nicole Knight,Nicole_Knight@jensen.biz,1970-07-29,64606,invalid_mobile
Michael Garcia,Michael_Garcia@marks.com,1961/01/10,81431,invalid_mobile
Tyler Aguilar,Tyler_Aguilar@carpenter.com,01/27/1993,42216,invalid_mobile
Jennifer Cox,Jennifer_Cox@flores-briggs.net,1959/02/19,9259293,invalid_mobile
Patrick Craig,Patrick_Craig@jennings.com,2008-02-19,9017485,invalid_mobile;below_18
William Davis,William_Davis@whitney.biz,2004-07-27,67567223,below_18
Jessica Silva,Jessica_Silva@parker-ward.com,11-04-1954,3631727,invalid_mobile
Destiny Johns,Destiny_Johns@hayes.com,12/01/1973,8923 3575,invalid_mobile
Kimberly Davis MD,Kimberly_Davis@lopez.biz,03/22/1967,67776,invalid_mobile
Andrea Collins,Andrea_Collins@cook-valdez.biz,1951-06-30,3889705,invalid_mobile
James Tate,James_Tate@whitney.com,08/22/2011,500415,invalid_mobile;below_18
Kimberly Schneider,Kimberly_Schneider@todd.com,08/26/1958,3243304,invalid_mobile
Jennifer Smith,Jennifer_Smith@long.com,12/16/1968,97691,invalid_mobile
Jonathan Davis,Jonathan_Davis@marshall-brown.info,04/07/2002,8848001,invalid_mobile
Michelle Ortega,Michelle_Ortega@horn.com,2013/11/11,522393,invalid_mobile;below_18
Robert Thomas,Robert_Thomas@thompson.biz,1967-02-04,401721,invalid_mobile
Adrian Cochran,Adrian_Cochran@logan.biz,1966-07-15,278349,invalid_mobile
Christian Mcintosh,Christian_Mcintosh@jordan.com,11-09-1974,71006,invalid_mobile
Deanna Torres,Deanna_Torres@green-thomas.com,25-03-1975,3145255,invalid_mobile
Lisa Lucero,Lisa_Lucero@scott.biz,2006/04/11,98953759,below_18
Nicole Francis,Nicole_Francis@williams.org,1992/10/08,13966,invalid_mobile
Deborah Miller,Deborah_Miller@henderson-vaughn.com,2003/12/26,4638446,invalid_mobile
Karen Boyd,Karen_Boyd@carr-campbell.net,12/04/1998,67366,invalid_mobile
Danielle Johnson,Danielle_Johnson@boone.com,1978-02-10,274263,invalid_mobile
James Hawkins MD,James_Hawkins@rose.com,1997-07-05,8654920,invalid_mobile
Sarah Chapman,Sarah_Chapman@mccarthy-morales.biz,1955/03/11,2438360,invalid_mobile
Suzanne Medina,Suzanne_Medina@huber-taylor.com,1974/05/23,532395,invalid_mobile
Jennifer Glass,Jennifer_Glass@medina.com,06/16/1961,544407,invalid_mobile
Stacy Willis,Stacy_Willis@west.com,2018/06/01,551079,invalid_mobile;below_18
Anna Mendoza,Anna_Mendoza@sanchez.biz,15-12-1971,21351,invalid_mobile
Danielle Cain,Danielle_Cain@browning.com,2008-01-30,7839238,invalid_mobile;below_18
Carla Jones,Carla_Jones@long-hernandez.biz,2017/06/08,292611,invalid_mobile;below_18
Jennifer Davis,Jennifer_Davis@nguyen.com,10/18/1993,7251 3603,invalid_mobile
Matthew Diaz,Matthew_Diaz@ortiz.com,2004/04/29,19038407,below_18
Matthew Valdez,Matthew_Valdez@ruiz.com,09/19/1995,61781,invalid_mobile
Jared Myers,Jared_Myers@massey-johnson.com,10/05/1966,978675,invalid_mobile
Jason Davis,Jason_Davis@hernandez.com,1955-02-22,26161,invalid_mobile
William Valdez,William_Valdez@woods-parsons.com,1952-04-24,278529,invalid_mobile
Mark Bridges,Mark_Bridges@cook.com,1997/05/31,5602738,invalid_mobile
Mr. Andrew Rivera,Andrew_Rivera@mooney.com,06-09-1983,79406,invalid_mobile
Scott Martinez,Scott_Martinez@brennan.com,11/20/1964,587475,invalid_mobile
Christopher Lloyd,Christopher_Lloyd@schmidt.com,1955/07/04,3775024,invalid_mobile
Denise York,Denise_York@yates.com,1970-04-05,408765,invalid_mobile
Susan Hartman,Susan_Hartman@madden.org,1987-09-03,8863387,invalid_mobile
Tonya Reed,Tonya_Reed@coleman-lopez.com,21-04-1951,3277310,invalid_mobile
Michael Wilkinson,Michael_Wilkinson@mcknight.net,2012-07-31,8533904,invalid_mobile;below_18
Richard Reyes,Richard_Reyes@alvarez.org,11-06-1960,71956,invalid_mobile
Evan Smith,Evan_Smith@potter-gallagher.com,1994/04/23,95421,invalid_mobile
Victoria Jones,Victoria_Jones@farrell.com,1959/09/07,336225,invalid_mobile
Cheryl Moore,Cheryl_Moore@williams.com,1970/12/31,26631,invalid_mobile
Joshua Pittman,Joshua_Pittman@leon.net,1953/04/28,347115,invalid_mobile
Mary Cooper,Mary_Cooper@walker-green.info,1976-10-17,2522570,invalid_mobile
Jessica Delgado,Jessica_Delgado@curtis.com,1969/07/12,3637180,invalid_mobile
Brian Pearson,Brian_Pearson@jackson-smith.com,26-01-2017,96690271,below_18
Kathryn Lamb,Kathryn_Lamb@stephens.biz,2000-01-23,6065158,invalid_mobile
Jordan Cruz,Jordan_Cruz@clark-dickerson.com,03/23/1958,4235 5435,invalid_mobile
Brenda Wright,Brenda_Wright@simpson.com,2011/12/07,77651,invalid_mobile;below_18
Samuel Dyer,Samuel_Dyer@howard.com,26-11-1981,436557,invalid_mobile
Brian Bryant,Brian_Bryant@mejia.com,13-09-2015,40782655,below_18
Ms. Kimberly Wood,Kimberly_Wood@jordan-walsh.com,05/18/1994,9412705,invalid_mobile
Brittany Garcia DDS,Brittany_Garcia@hobbs.com,2008-07-05,38240231,below_18
Trevor Byrd,Trevor_Byrd@cooke.com,14-07-2009,54940471,below_18
Larry Herrera,Larry_Herrera@mata-bean.biz,08-12-2014,6943546,invalid_mobile;below_18
Joseph Owens,Joseph_Owens@white.com,1970/01/25,12326,invalid_mobile
Miss Amber Burnett,Amber_Burnett@gill.com,1955-10-12,1402451,invalid_mobile
Jason Malone,Jason_Malone@allen.com,05/03/1955,4727 8299,invalid_mobile
Jordan Pugh,Jordan_Pugh@villanueva.com,1990-09-17,768951,invalid_mobile
Daniel Welch,Daniel_Welch@riggs.com,1967/12/19,301227,invalid_mobile
Tiffany Marquez,Tiffany_Marquez@rodriguez-kennedy.com,1988/05/01,307749,invalid_mobile
Christopher Smith,Christopher_Smith@moody.com,2015-02-08,33940167,below_18
Johnathan Weeks,Johnathan_Weeks@white-reynolds.com,1960-11-23,9087359,invalid_mobile
Jeffrey Thompson,Jeffrey_Thompson@jacobs.com,02/13/1994,621921,invalid_mobile
William Ward,William_Ward@butler.org,1955/02/14,3145129,invalid_mobile
Kristin Bauer,Kristin_Bauer@gray.biz,06/17/1989,5371 6731,invalid_mobile
Maria Johnson,Maria_Johnson@brady.info,18-01-2004,78511,invalid_mobile;below_18
Carlos Adams,Carlos_Adams@bennett.biz,1975-05-21,230403,invalid_mobile
Colleen Garner,Colleen_Garner@lee.com,09/18/1991,503157,invalid_mobile
Nicole Miller,Nicole_Miller@murphy.com,2013-12-21,49761,invalid_mobile;below_18
Nancy Frazier,Nancy_Frazier@jenkins.org,1968/09/13,7272938,invalid_mobile
Martin Morris,Martin_Morris@garcia.com,08/10/1993,4719 3651,invalid_mobile
Robin Jones,Robin_Jones@conley-garcia.com,1969-10-01,470853,invalid_mobile
Jonathan Terrell,Jonathan_Terrell@hess.net,04/30/1991,765633,invalid_mobile
Jeffrey Marshall,Jeffrey_Marshall@robertson-rice.com,17-07-1970,48701,invalid_mobile
Kelly Smith DDS,Kelly_Smith@pacheco.com,1984/09/23,250851,invalid_mobile
Heidi Vazquez,Heidi_Vazquez@pham-flores.net,16-06-2001,38361,invalid_mobile
Sarah George,Sarah_George@jones.com,1967/10/03,2730792,invalid_mobile
Erik Reynolds,Erik_Reynolds@peterson-watson.com,1956/02/26,86966,invalid_mobile
Jamie Barker,Jamie_Barker@lawson.info,1996-11-07,2855231,invalid_mobile
Samantha Jimenez,Samantha_Jimenez@valdez.com,1960/08/21,33156,invalid_mobile
Lisa Crawford,Lisa_Crawford@moore-hunt.com,1953-12-01,299709,invalid_mobile
Andrew Carter,Andrew_Carter@west.com,03/16/1957,895503,invalid_mobile
Suzanne Goodwin,Suzanne_Goodwin@travis-rose.com,1962/10/22,70286,invalid_mobile
Amanda Navarro DVM,Amanda_Navarro@young-edwards.com,1959-10-02,349239,invalid_mobile
Michelle Jones,Michelle_Jones@barton.com,1953/09/22,65856,invalid_mobile
Jeffrey Santos,Jeffrey_Santos@frost-brown.biz,2001/10/30,987273,invalid_mobile
Michael Holland,Michael_Holland@russell.com,1963/01/12,9403178,invalid_mobile
Elizabeth Cardenas,Elizabeth_Cardenas@cline.info,23-07-1979,89341,invalid_mobile
Theodore Roberts,Theodore_Roberts@russell-hawkins.org,12/14/1957,39616,invalid_mobile
Ms. Katrina Zamora,Katrina_Zamora@williams.com,24-06-2000,95031,invalid_mobile
Elizabeth Garcia,Elizabeth_Garcia@hernandez-duke.net,1958-08-30,1715085,invalid_mobile
Julie Johnson,Julie_Johnson@rodriguez-davis.org,31-10-1981,897843,invalid_mobile
Shelby Jackson DDS,Shelby_Jackson@jordan-reynolds.com,08-03-1991,695247,invalid_mobile
Krystal Boyle,Krystal_Boyle@guerrero-garza.com,1975/04/17,232443,invalid_mobile
Garrett Clark,Garrett_Clark@jackson.com,2018-04-15,72070583,below_18
Jeremy Anderson,Jeremy_Anderson@lopez.org,07/22/1994,41431,invalid_mobile
Christina Brown,Christina_Brown@vaughn-paul.org,06/24/2002,55691,invalid_mobile
Madison Dunn,Madison_Dunn@mendez-lynch.com,1969-06-26,393705,invalid_mobile
George Barry,George_Barry@cummings.com,1999/05/18,1545370,invalid_mobile
Dr. Michael Green,Michael_Green@robles-adams.com,1965-10-12,555471,invalid_mobile
Jason Medina,Jason_Medina@flores.com,2003/02/12,2069985,invalid_mobile
Ashley Solis,Ashley_Solis@dixon.org,04-01-1990,62826,invalid_mobile
Sarah French,Sarah_French@wright.biz,07/16/1981,1491 1411,invalid_mobile
Stephanie White,Stephanie_White@stephens-brewer.com,07/29/1997,2753976,invalid_mobile
Joshua Miller,Joshua_Miller@wilcox-watts.com,29-05-1975,97026,invalid_mobile
Cory Cummings,Cory_Cummings@bauer.net,2004-11-04,60366,invalid_mobile;below_18
Jennifer Nguyen,Jennifer_Nguyen@henderson.com,1998-08-17,3734809,invalid_mobile
Eric Williams,Eric_Williams@steele-snyder.com,09/18/1986,334395,invalid_mobile
Maurice Stewart,Maurice_Stewart@montgomery-hood.net,1998-04-20,27021,invalid_mobile
Michael Kelly,Michael_Kelly@short.net,1971/06/27,85986,invalid_mobile
Bruce Smith,Bruce_Smith@sanchez.biz,2009/09/13,70440903,below_18
Elizabeth Conner,Elizabeth_Conner@richardson-carter.com,18-01-2016,859377,invalid_mobile;below_18
John Drake,John_Drake@houston.com,08/11/1969,806769,invalid_mobile
Bethany Acosta,Bethany_Acosta@adams-garcia.biz,26-09-1992,8589547,invalid_mobile
Christine Campbell,Christine_Campbell@white.info,10/28/1982,2999 6463,invalid_mobile
Carolyn Estrada,Carolyn_Estrada@alexander.org,2014-06-07,30101,invalid_mobile;below_18
Michael Wilson,Michael_Wilson@richards.biz,01-05-2006,5756150,invalid_mobile;below_18
Elizabeth Cooper,Elizabeth_Cooper@contreras-luna.com,21-09-1985,404697,invalid_mobile
Tonya Moore,Tonya_Moore@rodriguez.com,1959-11-03,868035,invalid_mobile
Alexandra Woods,Alexandra_Woods@reed.com,26-10-2014,86526,invalid_mobile;below_18
Heather Bonilla,Heather_Bonilla@morgan.org,1958/04/04,486717,invalid_mobile
Matthew Wilson,Matthew_Wilson@mann.com,1972/02/08,654141,invalid_mobile
Justin Hamilton,Justin_Hamilton@robinson-reese.com,07/25/1987,115089,invalid_mobile
Jordan Brown,Jordan_Brown@jones.com,1962/05/10,51951,invalid_mobile
Sharon Hill,Sharon_Hill@walton.net,02/20/1976,4528749,invalid_mobile
Michael Anderson,Michael_Anderson@singh-davis.info,06/21/1953,5145253,invalid_mobile
David Roberson,David_Roberson@cortez-torres.net,1974/10/02,130635,invalid_mobile
Jacob Burns,Jacob_Burns@santiago.com,1973-05-18,35531,invalid_mobile
Lauren Guzman,Lauren_Guzman@silva-robinson.com,07/25/1983,29666,invalid_mobile
Joseph Davis,Joseph_Davis@jordan.net,11/07/2017,8681464,invalid_mobile;below_18
Kevin Pope,Kevin_Pope@mejia.info,07-06-1961,62651,invalid_mobile
William Vargas,William_Vargas@mosley-rosales.com,1961-05-22,1462259,invalid_mobile
Daniel Garcia,Daniel_Garcia@hughes-arnold.com,01/31/1973,594207,invalid_mobile
Timothy Evans,Timothy_Evans@douglas-gray.net,07-03-2004,21273015,below_18
Brian Vega,Brian_Vega@peterson.biz,23-01-1979,4993010,invalid_mobile
Jacob Mcdonald,Jacob_Mcdonald@howell-russell.com,11/11/1995,88426,invalid_mobile
Kathleen Harris,Kathleen_Harris@meyers.com,1989-12-16,948549,invalid_mobile
Robert Mcconnell,Robert_Mcconnell@reese.com,06-08-2004,3774604,invalid_mobile;below_18
Julie Hall,Julie_Hall@johnson.com,1955-07-24,77331,invalid_mobile
Tracy Williams,Tracy_Williams@donovan.com,1988-05-05,5008410,invalid_mobile
Gina Zimmerman,Gina_Zimmerman@curtis-douglas.info,1982/08/13,8829171,invalid_mobile
Emily Oneal,Emily_Oneal@gutierrez.com,01/18/1958,4915 2079,invalid_mobile
Sarah Hernandez,Sarah_Hernandez@pennington-johnson.com,2009-10-26,2730624,invalid_mobile;below_18
David Jones,David_Jones@floyd.com,02-03-1997,542211,invalid_mobile
Paula Hill,Paula_Hill@porter.com,24-12-2004,908349,invalid_mobile;below_18
David Morrow,David_Morrow@johnson.com,01/26/2006,32346,invalid_mobile;below_18
Lisa White,Lisa_White@evans.net,03-09-1978,1564158,invalid_mobile
James Patrick,James_Patrick@caldwell.com,28-11-1986,89681,invalid_mobile
Joshua Farrell,Joshua_Farrell@rogers.net,2005-10-27,770337,invalid_mobile;below_18
Kathryn Parker,Kathryn_Parker@abbott.com,2012/12/24,88781,invalid_mobile;below_18
Tracy Elliott,Tracy_Elliott@rhodes-thomas.com,1964/05/10,7749624,invalid_mobile
Joshua Green,Joshua_Green@hernandez.com,2010-03-09,791325,invalid_mobile;below_18
Sean Sullivan,Sean_Sullivan@phillips.com,1996/04/22,9789788,invalid_mobile
Jessica Castillo,Jessica_Castillo@roberts.com,06/11/1969,985455,invalid_mobile
Thomas Garza,Thomas_Garza@kirby-greer.info,1999/03/09,427953,invalid_mobile
Michael Harvey,Michael_Harvey@jackson.com,2007-02-02,69986,invalid_mobile;below_18
Edward Ramos,Edward_Ramos@garcia.com,08-04-2016,1164115,invalid_mobile;below_18
Joanne Foster,Joanne_Foster@villanueva.com,2007/06/23,85271,invalid_mobile;below_18
Andrew Fisher,Andrew_Fisher@boone.net,02/24/1987,64966,invalid_mobile
John Gonzales,John_Gonzales@mcfarland.com,1991/10/15,55756,invalid_mobile
Christine Cohen,Christine_Cohen@rich-bell.com,06/21/1994,8023 2231,invalid_mobile
Grace Olson,Grace_Olson@miller.net,10-01-2017,38611,invalid_mobile;below_18
Daniel Gutierrez,Daniel_Gutierrez@santana-bryan.com,11/03/1957,9379 9931,invalid_mobile
Sarah Joseph,Sarah_Joseph@moore-hendrix.net,2002-08-07,9215935,invalid_mobile
Jennifer Scott,Jennifer_Scott@wagner.com,2012/09/07,3252439,invalid_mobile;below_18
Stephen Little,Stephen_Little@clark-morales.org,03/09/1989,8124509,invalid_mobile
Matthew Garcia,Matthew_Garcia@osborne.com,2000/11/07,3897895,invalid_mobile
Abigail Fritz,Abigail_Fritz@williams-jackson.com,08/09/2017,5463 8703,invalid_mobile;below_18
John Todd,John_Todd@valentine.com,1968-11-22,973155,invalid_mobile
Martha Williams,Martha_Williams@murphy.com,1997/08/04,6623877,invalid_mobile
Kimberly Peters,Kimberly_Peters@cox.com,1964-07-27,72051,invalid_mobile
Robert Donaldson,Robert_Donaldson@gonzalez.com,05/07/2000,3041263,invalid_mobile
Matthew Smith,Matthew_Smith@moore-hoffman.com,01/18/2018,1416129,invalid_mobile;below_18
Leslie Taylor,Leslie_Taylor@white-reed.org,1957-06-23,7613082,invalid_mobile
Antonio Hancock,Antonio_Hancock@woods-kemp.com,04/26/1984,9785686,invalid_mobile
Eric Williams,Eric_Williams@welch.com,2000/11/30,1921837,invalid_mobile
Dr. Patricia Hall,Patricia_Hall@harrell.com,03/14/2011,15901,invalid_mobile;below_18
Christian Lopez,Christian_Lopez@thomas.com,1987-11-08,246747,invalid_mobile
Timothy Scott,Timothy_Scott@nelson.org,1994/01/12,569751,invalid_mobile
Jessica James,Jessica_James@peck-webb.com,05/18/1986,561585,invalid_mobile
Stephanie Sandoval,Stephanie_Sandoval@johnson-may.biz,03-08-1953,450387,invalid_mobile
Jessica Larsen,Jessica_Larsen@mcfarland.org,1961-06-10,862719,invalid_mobile
Francisco Holland,Francisco_Holland@tanner.org,16-06-1986,2121547,invalid_mobile
Donna Morrow,Donna_Morrow@smith-romero.com,25-04-1968,2814561,invalid_mobile
Ashley Browning,Ashley_Browning@jenkins-mann.biz,27-10-2006,54581,invalid_mobile;below_18
Beth Rivera,Beth_Rivera@franco.com,09/12/1952,652701,invalid_mobile
Catherine Morris,Catherine_Morris@schwartz-warren.com,02/21/1953,205569,invalid_mobile
Amy Smith,Amy_Smith@short.info,02/18/2015,7864165,invalid_mobile;below_18
Jennifer Jenkins,Jennifer_Jenkins@holland-ward.com,06/09/1965,393435,invalid_mobile
William Serrano,William_Serrano@beck-johnson.info,1981/01/18,93901,invalid_mobile
Matthew Deleon,Matthew_Deleon@hughes-fox.com,30-06-2006,121545,invalid_mobile;below_18
Rhonda Marshall,Rhonda_Marshall@johnson-cowan.net,02-09-1965,40036,invalid_mobile
Alexa Bond,Alexa_Bond@miller.com,1973/07/18,67021,invalid_mobile
Sarah Soto,Sarah_Soto@clarke-chapman.com,1995-04-24,4749844,invalid_mobile
Sean Harris,Sean_Harris@kim.com,1982/12/03,212109,invalid_mobile
Edward Smith,Edward_Smith@diaz.info,15-08-1987,9982204,invalid_mobile
Jerry Bennett,Jerry_Bennett@mann.org,06/30/1998,539325,invalid_mobile
Justin Beck,Justin_Beck@munoz-ward.com,2015/10/02,50133583,below_18
Alexander Castro,Alexander_Castro@bass.com,08/21/2008,42796,invalid_mobile;below_18
Andrea Russell,Andrea_Russell@king.com,11/12/2018,87646,invalid_mobile;below_18
Kristina Hogan,Kristina_Hogan@james.org,04/20/1988,14481,invalid_mobile
Kimberly Harris,Kimberly_Harris@parks-martinez.org,20-07-1954,3437113,invalid_mobile
Melissa Le DVM,Melissa_Le@harris.com,2012/12/30,97788279,below_18
Thomas Thomas,Thomas_Thomas@kennedy.com,1972/02/20,2629894,invalid_mobile
Wendy Giles,Wendy_Giles@snow-yang.info,1986-08-10,73286,invalid_mobile
Jessica Wilson,Jessica_Wilson@sims-mcneil.biz,2010-07-10,88945703,below_18
Daniel Le,Daniel_Le@vega.com,1966/03/06,5379543,invalid_mobile
John Torres,John_Torres@lewis.com,15-12-1964,396033,invalid_mobile
James Hall,James_Hall@montgomery-hawkins.com,10/24/1986,4726667,invalid_mobile
Melissa Perez,Melissa_Perez@wiggins.com,1986-08-04,93411,invalid_mobile
Rachel Goodwin,Rachel_Goodwin@deleon.com,2006-11-06,530019,invalid_mobile;below_18
Kimberly Owens,Kimberly_Owens@baker-ferguson.org,16-12-1958,5051859,invalid_mobile
Omar Wilcox,Omar_Wilcox@chase-bailey.info,06/10/1967,6475204,invalid_mobile
Tiffany Cannon,Tiffany_Cannon@keller.org,06/16/1971,4779 8639,invalid_mobile
Matthew Snyder,Matthew_Snyder@best-graham.com,10-08-1965,193071,invalid_mobile
Morgan Malone,Morgan_Malone@shaw.com,30-09-1964,8598346,invalid_mobile
Ronald Mendez,Ronald_Mendez@bright-parker.com,07-02-1958,2771448,invalid_mobile
Brian Butler,Brian_Butler@martinez.com,05-07-1968,12156,invalid_mobile
Rachel Rogers,Rachel_Rogers@buck-evans.org,1982/06/03,5534026,invalid_mobile
Kyle Murphy,Kyle_Murphy@gonzalez-allen.biz,2006-02-08,70541,invalid_mobile;below_18
John Adams,John_Adams@castro.com,14-07-2001,14676,invalid_mobile
Charles Walter,Charles_Walter@thomas.net,1993-08-02,786915,invalid_mobile
Jessica Reid,Jessica_Reid@valencia.com,1970-06-21,1860944,invalid_mobile
Todd Brady,Todd_Brady@hicks.biz,1955-09-24,747213,invalid_mobile
Carolyn Gomez,Carolyn_Gomez@miller.com,07/11/1960,977571,invalid_mobile
Matthew Davis,Matthew_Davis@bishop.org,06/04/1975,2484140,invalid_mobile
Tamara Smith,Tamara_Smith@palmer.com,05/28/2011,2495438,invalid_mobile;below_18
Jessica Whitaker,Jessica_Whitaker@hubbard.info,2001/07/10,99586,invalid_mobile
Lynn Kaufman,Lynn_Kaufman@velez-perez.info,01/13/1950,202287,invalid_mobile
Kristin Edwards,Kristin_Edwards@short.com,06/03/1982,2243 5107,invalid_mobile
Eduardo Patrick,Eduardo_Patrick@wright.info,2001-06-13,5470438,invalid_mobile
Matthew Duncan,Matthew_Duncan@garcia.org,1985/09/26,64701,invalid_mobile
Marcia Ramos,Marcia_Ramos@cox.biz,1987-04-23,4163139,invalid_mobile
Jesse Chambers,Jesse_Chambers@green.com,1979-06-06,64521,invalid_mobile
Paul Hill,Paul_Hill@farrell.biz,1980-10-14,85491,invalid_mobile
Kristen Kirk,Kristen_Kirk@ayers.com,08/23/1959,9799 3751,invalid_mobile
Gina Henderson,Gina_Henderson@phillips.com,1955/04/04,516621,invalid_mobile
Jesse Wright,Jesse_Wright@banks.com,25-11-1989,6472677,invalid_mobile
Christina Gibbs,Christina_Gibbs@miller.net,03/26/1973,871479,invalid_mobile
Jacqueline Miller,Jacqueline_Miller@church.com,10/01/2008,4681391,invalid_mobile;below_18
Tracy Lopez,Tracy_Lopez@macdonald.org,12/12/1952,2878996,invalid_mobile
Victoria Jones,Victoria_Jones@higgins.com,2002-04-12,88811,invalid_mobile
Gabriel Rose,Gabriel_Rose@mccormick.com,1990-05-30,191229,invalid_mobile
Melanie Perry,Melanie_Perry@miller.com,1977/06/11,297159,invalid_mobile
Alison Valdez,Alison_Valdez@ward-smith.net,15-05-2015,17886,invalid_mobile;below_18
Benjamin Coleman,Benjamin_Coleman@lopez-preston.com,06-06-2005,72616,invalid_mobile;below_18
Alex Baker,Alex_Baker@kelly.com,2012-04-23,34292983,below_18
Peter Alexander,Peter_Alexander@martinez.com,11-05-1999,29401,invalid_mobile
Katie Chang,Katie_Chang@riley.com,1959/07/09,40506,invalid_mobile
Victoria Stafford,Victoria_Stafford@green.com,07/18/1993,96501,invalid_mobile
Tyler Lopez,Tyler_Lopez@harvey.com,12/29/2010,6462814,invalid_mobile;below_18
Heather Downs,Heather_Downs@payne.biz,03-01-1970,65651,invalid_mobile
Ruth Carrillo,Ruth_Carrillo@paul.com,09/05/1979,4375 1451,invalid_mobile
Ronald Shaffer,Ronald_Shaffer@moses.net,1969-06-18,52796,invalid_mobile
Jacob Stephenson,Jacob_Stephenson@larson-stevenson.net,11/11/1954,7535 9427,invalid_mobile
Samantha Johnson,Samantha_Johnson@rich.net,1975-05-17,318165,invalid_mobile
Carlos Washington,Carlos_Washington@evans.com,23-01-2007,58466,invalid_mobile;below_18
Stephanie Burnett,Stephanie_Burnett@price.net,02/19/1973,8889217,invalid_mobile
Donna Hancock,Donna_Hancock@blake-bridges.net,31-01-2017,19776,invalid_mobile;below_18
Courtney Hudson,Courtney_Hudson@mcintosh.net,1960-04-26,2145613,invalid_mobile
Sylvia Sexton,Sylvia_Sexton@robinson.com,1993-01-10,77446,invalid_mobile
David Jordan,David_Jordan@miller.com,1993/02/08,2661877,invalid_mobile
Todd Ward,Todd_Ward@elliott-ryan.com,2001-10-25,160557,invalid_mobile
William Powell,William_Powell@harrell.com,07/21/1967,7183 2243,invalid_mobile
Kenneth Martin,Kenneth_Martin@hunt.net,1981-11-08,4504487,invalid_mobile
Andrew Cox,Andrew_Cox@lin.org,08/22/1979,2815331,invalid_mobile
Louis Blanchard,Louis_Blanchard@wheeler.org,02/02/1955,170997,invalid_mobile
Victoria Higgins,Victoria_Higgins@lane.com,1953-04-03,521451,invalid_mobile
Kaylee Berry,Kaylee_Berry@walsh-mckenzie.com,2016-12-24,74360527,below_18
Elizabeth Duncan,Elizabeth_Duncan@taylor.com,26-04-2012,2436015,invalid_mobile;below_18
Bryan Price,Bryan_Price@mendez.com,16-11-1989,61996,invalid_mobile
Stephanie Molina,Stephanie_Molina@jacobson.com,15-11-1990,866271,invalid_mobile
Justin Griffin,Justin_Griffin@james.com,2005/04/11,51696,invalid_mobile;below_18
Jennifer Novak,Jennifer_Novak@mack.com,06-06-2013,6747938,invalid_mobile;below_18
James Smith,James_Smith@perkins-thompson.com,04/23/1977,42811,invalid_mobile
Lisa Meyers,Lisa_Meyers@wallace-jimenez.com,1987-12-21,75536,invalid_mobile
Gary Thompson,Gary_Thompson@kennedy.com,05/08/2004,1992257,invalid_mobile;below_18
Rachel Maxwell,Rachel_Maxwell@edwards-nguyen.biz,05/13/1974,9171 4011,invalid_mobile
Michael Warren,Michael_Warren@wu.org,2003-08-05,6497688,invalid_mobile
Amanda Alexander,Amanda_Alexander@baker-harris.com,1967-01-11,48521,invalid_mobile
Mr. Thomas Brown DDS,Thomas_Brown@wright.com,2018-12-09,26316,invalid_mobile;below_18
Melissa Perez,Melissa_Perez@gibson.org,26-10-1968,27511,invalid_mobile
Amy Johnson,Amy_Johnson@estrada-rubio.com,03-08-2017,3416946,invalid_mobile;below_18
Devin Lewis,Devin_Lewis@anderson-riley.com,08/20/1954,94206,invalid_mobile
Jacob Hogan,Jacob_Hogan@lowe-ponce.org,30-05-1989,586221,invalid_mobile
Zachary Russo,Zachary_Russo@hill-king.com,1993-01-29,319263,invalid_mobile
Joshua Perez,Joshua_Perez@black-singh.org,11/10/1981,3206897,invalid_mobile
Joshua Jimenez,Joshua_Jimenez@hardin-lucas.info,12-05-1976,6044228,invalid_mobile
Teresa Harris,Teresa_Harris@poole.com,16-10-1998,91081,invalid_mobile
Courtney Morse,Courtney_Morse@klein.org,07/07/1977,2395 1715,invalid_mobile
Kayla Mcintyre,Kayla_Mcintyre@burns.com,04/27/1987,6493383,invalid_mobile
Marvin Williams,Marvin_Williams@bartlett.com,2004/12/02,6391736,invalid_mobile;below_18
Robert Chang,Robert_Chang@sharp.net,1986/05/31,589467,invalid_mobile
Briana Johnson,Briana_Johnson@bond-rose.biz,2015/08/22,25491,invalid_mobile;below_18
Joe Bishop,Joe_Bishop@davis.com,08/07/1975,33681,invalid_mobile
Terri Herring,Terri_Herring@carson.com,1989-05-16,4068240,invalid_mobile
Jean Young,Jean_Young@peters-miller.net,1994/10/12,7295219,invalid_mobile
Carla Jackson,Carla_Jackson@morris.com,07/15/1994,4427 5151,invalid_mobile
Tara Chavez,Tara_Chavez@smith.com,2007/10/09,57976,invalid_mobile;below_18
Jeffrey Ware,Jeffrey_Ware@park-gregory.net,2004-06-25,5505312,invalid_mobile;below_18
Barry Randolph,Barry_Randolph@glover.com,1963-02-27,11326,invalid_mobile
Jacqueline Walters,Jacqueline_Walters@hernandez.org,2007/07/15,2920436,invalid_mobile;below_18
William Miller,William_Miller@foster.info,2005/03/01,3984366,invalid_mobile;below_18
Daniel Perez,Daniel_Perez@jordan-martinez.biz,19-04-1993,1181951,invalid_mobile
Kimberly Larson,Kimberly_Larson@nash.org,18-06-1978,898689,invalid_mobile
Brian Finley,Brian_Finley@copeland.com,2004/01/13,8018522,invalid_mobile;below_18
Kelly Hayden DVM,Kelly_Hayden@brown-barrett.biz,1988-03-20,17706,invalid_mobile
Kathleen Rodriguez,Kathleen_Rodriguez@frost-james.com,10/05/1967,6539 7891,invalid_mobile
Tyler Johnson,Tyler_Johnson@fernandez.com,02-08-1977,774483,invalid_mobile
Nicholas Joseph,Nicholas_Joseph@higgins-woods.org,2017/08/29,51481,invalid_mobile;below_18
Wendy Grant,Wendy_Grant@castillo.biz,11/03/1991,37361,invalid_mobile
Luke Carpenter,Luke_Carpenter@stokes.org,1969-10-08,8947205,invalid_mobile
Jesse Johnson,Jesse_Johnson@schroeder.com,1972-09-22,263709,invalid_mobile
Marcus Sims,Marcus_Sims@adams.com,2008-05-22,45883671,below_18
Katherine Daniels,Katherine_Daniels@pearson-davis.com,1999/07/04,935745,invalid_mobile
Cynthia Smith,Cynthia_Smith@cain.biz,15-03-2010,73366,invalid_mobile;below_18
Angela Nichols,Angela_Nichols@manning-krueger.com,03/15/2014,4415 1975,invalid_mobile;below_18
Mallory Jenkins,Mallory_Jenkins@smith.com,12/22/1956,6636274,invalid_mobile
James Clark,James_Clark@kirby.com,07-05-1973,66641,invalid_mobile
Mr. Brandon Valdez,Brandon_Valdez@schultz.com,1977-11-09,5452336,invalid_mobile
Anthony Mitchell,Anthony_Mitchell@mcguire.net,02/10/1974,7757191,invalid_mobile
Stephanie Gutierrez,Stephanie_Gutierrez@gomez.net,08/07/1967,855909,invalid_mobile
Charles Clarke,Charles_Clarke@decker.com,2017/08/14,75379215,below_18
Jerry Daniels,Jerry_Daniels@harper.net,17-12-2010,211461,invalid_mobile;below_18
Casey Baker,Casey_Baker@munoz.net,05-08-1997,8061992,invalid_mobile
Shirley Nguyen,Shirley_Nguyen@meyer.com,1965-01-07,6673612,invalid_mobile
Jesse Brown,Jesse_Brown@davis.com,1977/02/23,691371,invalid_mobile
Valerie Owens,Valerie_Owens@burns.com,1996/11/18,7496854,invalid_mobile
Alicia Sharp,Alicia_Sharp@bernard.biz,18-09-1979,1455644,invalid_mobile
Sherry Jensen,Sherry_Jensen@small-espinoza.com,11/08/1979,4803037,invalid_mobile
